-- phpMyAdmin SQL Dump
-- version 4.7.0
-- https://www.phpmyadmin.net/
--
-- Host: 127.0.0.1
-- Generation Time: Jul 17, 2017 at 01:09 PM
-- Server version: 10.1.22-MariaDB
-- PHP Version: 7.1.4

SET SQL_MODE = "NO_AUTO_VALUE_ON_ZERO";
SET AUTOCOMMIT = 0;
START TRANSACTION;
SET time_zone = "+00:00";


/*!40101 SET @OLD_CHARACTER_SET_CLIENT=@@CHARACTER_SET_CLIENT */;
/*!40101 SET @OLD_CHARACTER_SET_RESULTS=@@CHARACTER_SET_RESULTS */;
/*!40101 SET @OLD_COLLATION_CONNECTION=@@COLLATION_CONNECTION */;
/*!40101 SET NAMES utf8mb4 */;

--
-- Database: `location_nepal`
--

-- --------------------------------------------------------

--
-- Table structure for table `districts`
--

CREATE TABLE `districts` (
  `id` int(11) NOT NULL,
  `name` varchar(30) NOT NULL,
  `zone_id` int(11) NOT NULL
) ENGINE=InnoDB DEFAULT CHARSET=latin1;

--
-- Dumping data for table `districts`
--

INSERT INTO `districts` (`id`, `name`, `zone_id`) VALUES
(1, 'Taplejung', 1),
(2, 'Panchthar', 1),
(3, 'Ilam', 1),
(4, 'Jhapa', 1),
(5, 'Morang', 2),
(6, 'Sunsari', 2),
(7, 'Dhankuta', 2),
(8, 'Terhathum', 2),
(9, 'Sankhuwasabha', 2),
(10, 'Bhojpur', 2),
(11, 'Solukhumbu', 3),
(12, 'Okhaldhunga', 3),
(13, 'Khotang', 3),
(14, 'Udayapur', 3),
(15, 'Saptari', 3),
(16, 'Siraha', 3),
(17, 'Dhanusa', 4),
(18, 'Mahottari', 4),
(19, 'Sarlahi', 4),
(20, 'Sindhuli', 4),
(21, 'Ramechhap', 4),
(22, 'Dolakha', 4),
(23, 'Sindhupalchok', 5),
(24, 'Kavre', 5),
(25, 'Lalitpur', 5),
(26, 'Bhaktapur', 5),
(27, 'Kathmandu', 5),
(28, 'Nuwakot', 5),
(29, 'Rasuwa', 5),
(30, 'Dhading', 5),
(31, 'Makwanpur', 6),
(32, 'Rautahat', 6),
(33, 'Bara', 6),
(34, 'Parsa', 6),
(35, 'Chitawan', 6),
(36, 'Gorkha', 7),
(37, 'Lamjung', 7),
(38, 'Tanahu', 7),
(39, 'Syangja', 7),
(40, 'Kaski', 7),
(41, 'Manang', 7),
(42, 'Mustang', 8),
(43, 'Myagdi', 8),
(44, 'Parbat', 8),
(45, 'Baglung', 8),
(46, 'Gulmi', 9),
(47, 'Palpa', 9),
(48, 'Nawalparasi', 9),
(49, 'Rupandehi', 9),
(50, 'Kapilbastu', 9),
(51, 'Arghakhanchi', 9),
(52, 'Pyuthan', 10),
(53, 'Rolpa', 10),
(54, 'Rukum', 10),
(55, 'Salyan', 10),
(56, 'Dang', 10),
(57, 'Banke', 11),
(58, 'Bardiya', 11),
(59, 'Surkhet', 11),
(60, 'Dailekh', 11),
(61, 'Jajarkot', 11),
(62, 'Dolpa', 12),
(63, 'Jumla', 12),
(64, 'Kalikot', 12),
(65, 'Mugu', 12),
(66, 'Humla', 12),
(67, 'Bajura', 13),
(68, 'Bajhang', 13),
(69, 'Achham', 13),
(70, 'Doti', 13),
(71, 'Kailali', 13),
(72, 'Kanchanpur', 14),
(73, 'Dadeldhura', 14),
(74, 'Baitadi', 14),
(75, 'Darchaula', 14);

-- --------------------------------------------------------

--
-- Table structure for table `vdc`
--

CREATE TABLE `vdc` (
  `id` int(11) NOT NULL,
  `name` varchar(50) NOT NULL,
  `district_id` int(11) NOT NULL
) ENGINE=InnoDB DEFAULT CHARSET=latin1;

--
-- Dumping data for table `vdc`
--

INSERT INTO `vdc` (`id`, `name`, `district_id`) VALUES
(1, 'Ambegudin', 1),
(2, 'Ankhop', 1),
(3, 'Chaksibote', 1),
(4, 'Change', 1),
(5, 'Dhungesaghu', 1),
(6, 'Dokhu', 1),
(7, 'Dummrise', 1),
(8, 'Ekhabu', 1),
(9, 'Hangdeva', 1),
(10, 'Hangpang', 1),
(11, 'Kalikhola', 1),
(12, 'Khamlung', 1),
(13, 'Khejenim', 1),
(14, 'Khewang', 1),
(15, 'Khokling', 1),
(16, 'Lelep', 1),
(17, 'Limbudin', 1),
(18, 'Lingtep', 1),
(19, 'Linkhim', 1),
(20, 'Liwang', 1),
(21, 'Mamankhe', 1),
(22, 'Mehele', 1),
(23, 'Nalbu', 1),
(24, 'Nankholyang', 1),
(25, 'Nidhuradin', 1),
(26, 'Olangchunggola', 1),
(27, 'Papung', 1),
(28, 'Pedang', 1),
(29, 'Phakumba', 1),
(30, 'Phawakhola', 1),
(31, 'Phulbari', 1),
(32, 'Phungling', 1),
(33, 'Phurumbu', 1),
(34, 'Sadewa', 1),
(35, 'Sangu', 1),
(36, 'Santhakra', 1),
(37, 'Sanwa', 1),
(38, 'Sawadin', 1),
(39, 'Sawalakhu', 1),
(40, 'Sikaicha', 1),
(41, 'Sinam', 1),
(42, 'Surumakhim', 1),
(43, 'Tapethok', 1),
(44, 'Tellok', 1),
(45, 'Thechambu', 1),
(46, 'Thinglabu', 1),
(47, 'Thukima', 1),
(48, 'Thumbedin', 1),
(49, 'Tiringe', 1),
(50, 'Yamfudin', 1),
(51, 'Aangna', 2),
(52, 'Aangsarang', 2),
(53, 'Aarubote', 2),
(54, 'Amarpur', 2),
(55, 'Bharapa', 2),
(56, 'Chilingdin', 2),
(57, 'Chokmagu', 2),
(58, 'Chyangthapu', 2),
(59, 'Durdimba', 2),
(60, 'Ekteen', 2),
(61, 'Embung', 2),
(62, 'Falaicha', 2),
(63, 'Hangum', 2),
(64, 'Kurumba', 2),
(65, 'Limba', 2),
(66, 'Lungrupa', 2),
(67, 'Luwamfu', 2),
(68, 'Mangjabung', 2),
(69, 'Mauwa', 2),
(70, 'Memeng', 2),
(71, 'Nagi', 2),
(72, 'Nangeen', 2),
(73, 'Nawamidanda', 2),
(74, 'Olane', 2),
(75, 'Oyam', 2),
(76, 'Panchami', 2),
(77, 'Pauwasartap', 2),
(78, 'Phaktep', 2),
(79, 'Phidim', 2),
(80, 'Prangbung', 2),
(81, 'Rabi', 2),
(82, 'Ranigaun', 2),
(83, 'Ranitar', 2),
(84, 'Sarangdanda', 2),
(85, 'Sidin', 2),
(86, 'Siwa', 2),
(87, 'Sumang', 2),
(88, 'Syangrumba', 2),
(89, 'Tharpu', 2),
(90, 'Yanganam', 2),
(91, 'Yasok', 2),
(92, 'Amchok', 3),
(93, 'Bajho', 3),
(94, 'Barbote', 3),
(95, 'Chameta', 3),
(96, 'Chisapani', 3),
(97, 'Chulachuli', 3),
(98, 'Danabari', 3),
(99, 'Dhuseni', 3),
(100, 'Ebhang', 3),
(101, 'Ektappa', 3),
(102, 'Erautar', 3),
(103, 'Gajurmukhi', 3),
(104, 'Goduk', 3),
(105, 'Gorkhe', 3),
(106, 'Ilam Municipality', 3),
(107, 'Jamuna', 3),
(108, 'Jirmale', 3),
(109, 'Jitpur', 3),
(110, 'Jogmai', 3),
(111, 'Kanyam', 3),
(112, 'Kolbung', 3),
(113, 'Laxmipur', 3),
(114, 'Lumde', 3),
(115, 'Mabu', 3),
(116, 'Mahamai', 3),
(117, 'Maimajhuwa', 3),
(118, 'Maipokhari', 3),
(119, 'Mangalbare', 3),
(120, 'Namsaling', 3),
(121, 'Nayabazar', 3),
(122, 'Panchakanya', 3),
(123, 'Pasupatinagar', 3),
(124, 'Phakphok', 3),
(125, 'Phikalbazar', 3),
(126, 'Phuyatappa', 3),
(127, 'Puwamajhuwa', 3),
(128, 'Pyang', 3),
(129, 'Sakfara', 3),
(130, 'Sakhejung', 3),
(131, 'Samalbung', 3),
(132, 'Sangrumba', 3),
(133, 'Shantidanda', 3),
(134, 'Shantipur', 3),
(135, 'Shreeantu', 3),
(136, 'Siddhithumka', 3),
(137, 'Sopak', 3),
(138, 'Soyang', 3),
(139, 'Sulubung', 3),
(140, 'Sumbek', 3),
(141, 'Anarmani', 4),
(142, 'Arjundhara', 4),
(143, 'Bahundangi', 4),
(144, 'Baigundhara', 4),
(145, 'Balubari', 4),
(146, 'Baniyani', 4),
(147, 'Bhadrapur Municipality', 4),
(148, 'Budhabare', 4),
(149, 'Chakchaki', 4),
(150, 'Chandragadhi', 4),
(151, 'Charpane', 4),
(152, 'Damak Municipality', 4),
(153, 'Dangibari', 4),
(154, 'Dhaijan', 4),
(155, 'Dharampur', 4),
(156, 'Duwagadhi', 4),
(157, 'Garamani', 4),
(158, 'Gauradaha', 4),
(159, 'Gauriganj', 4),
(160, 'Ghailadubba', 4),
(161, 'Gherabari', 4),
(162, 'Goldhap', 4),
(163, 'Haldibari', 4),
(164, 'Jalthal', 4),
(165, 'Juropani', 4),
(166, 'Jyamirgadhi', 4),
(167, 'Kechana', 4),
(168, 'Khajurgachhi', 4),
(169, 'Khudunabari', 4),
(170, 'Kohabara', 4),
(171, 'Korobari', 4),
(172, 'Kumarkhod', 4),
(173, 'Lakhanpur', 4),
(174, 'Mahabhara', 4),
(175, 'Maharanijhoda', 4),
(176, 'Maheshpur', 4),
(177, 'Mechinagar Municipality', 4),
(178, 'Panchgachhi', 4),
(179, 'Pathamari', 4),
(180, 'Pathariya', 4),
(181, 'Prithivinagar', 4),
(182, 'Rajgadh', 4),
(183, 'Sanischare', 4),
(184, 'Satasidham', 4),
(185, 'Shantinagar', 4),
(186, 'Sharanamati', 4),
(187, 'Shivaganj', 4),
(188, 'Surunga', 4),
(189, 'Tagandubba', 4),
(190, 'Topgachchi', 4),
(191, 'Amahibariyati', 5),
(192, 'Amardaha', 5),
(193, 'Amgachhi', 5),
(194, 'Babiyabirta', 5),
(195, 'Bahuni', 5),
(196, 'Baijanathpur', 5),
(197, 'Banigama', 5),
(198, 'Baradanga', 5),
(199, 'Bayarban', 5),
(200, 'Belbari', 5),
(201, 'Bhaudaha', 5),
(202, 'Bhogateni', 5),
(203, 'Biratnagar Sub Metropolitan', 5),
(204, 'Budhanagar', 5),
(205, 'Dadarbairiya', 5),
(206, 'Dainiya', 5),
(207, 'Dangihat', 5),
(208, 'Dangraha', 5),
(209, 'Drabesh', 5),
(210, 'Dulari', 5),
(211, 'Govindapur', 5),
(212, 'Haraicha', 5),
(213, 'Hasandaha', 5),
(214, 'Hathimudha', 5),
(215, 'Hoklabari', 5),
(216, 'Indrapur', 5),
(217, 'Itahara', 5),
(218, 'Jante', 5),
(219, 'Jhorahat', 5),
(220, 'Jhurkiya', 5),
(221, 'Kaseni', 5),
(222, 'Katahari', 5),
(223, 'Kathamaha', 5),
(224, 'Kerabari', 5),
(225, 'Keroun', 5),
(226, 'Lakhantari', 5),
(227, 'Letang', 5),
(228, 'Madhumalla', 5),
(229, 'Mahadewa', 5),
(230, 'Majhare', 5),
(231, 'Matigachha', 5),
(232, 'Motipur', 5),
(233, 'Mrigauliya', 5),
(234, 'Necha', 5),
(235, 'Pathari', 5),
(236, 'Patigaun', 5),
(237, 'Pokhariya', 5),
(238, 'Rajghat', 5),
(239, 'Ramitekhola', 5),
(240, 'Rangeli', 5),
(241, 'Sanischare', 5),
(242, 'Sidharaha', 5),
(243, 'Sijuwa', 5),
(244, 'Sinhadevisombare', 5),
(245, 'Sisabanibadahara', 5),
(246, 'Sisawanijahada', 5),
(247, 'Sorabhag', 5),
(248, 'Sundarpur', 5),
(249, 'Takuwa', 5),
(250, 'Tandi', 5),
(251, 'Tankisinuwari', 5),
(252, 'Tetariya', 5),
(253, 'Thalaha', 5),
(254, 'Urlabari', 5),
(255, 'Warangi', 5),
(256, 'Yangshila', 5),
(257, 'Aekamba', 6),
(258, 'Amaduwa', 6),
(259, 'Amahibelaha', 6),
(260, 'Aurabarni', 6),
(261, 'Babiya', 6),
(262, 'Bakalauri', 6),
(263, 'Barahachhetra', 6),
(264, 'Basantapur', 6),
(265, 'Bhadgausinawari', 6),
(266, 'Bhaluwa', 6),
(267, 'Bharaul', 6),
(268, 'Bhokraha', 6),
(269, 'Bishnupaduka', 6),
(270, 'Chadwela', 6),
(271, 'Chhitaha', 6),
(272, 'Chimdi', 6),
(273, 'Dewanganj', 6),
(274, 'Dharan Municipality', 6),
(275, 'Dhuskee', 6),
(276, 'Duhabi', 6),
(277, 'Dumaraha', 6),
(278, 'Gautampur', 6),
(279, 'Hanshposha', 6),
(280, 'Harinagar', 6),
(281, 'Haripur', 6),
(282, 'Inaruwa Municipality', 6),
(283, 'Ithari Municipality', 6),
(284, 'Jalpapur', 6),
(285, 'Kaptanganj', 6),
(286, 'Khanar', 6),
(287, 'Laukahi', 6),
(288, 'Madhelee', 6),
(289, 'Madhesa', 6),
(290, 'Madhuwan', 6),
(291, 'Madhyeharsahi', 6),
(292, 'Mahendranagar', 6),
(293, 'Narshinhatappu', 6),
(294, 'Pakali', 6),
(295, 'Panchakanya', 6),
(296, 'Paschimkasuha', 6),
(297, 'Prakashpur', 6),
(298, 'Purbakushaha', 6),
(299, 'Ramganjbelgachhi', 6),
(300, 'Ramganjsenuwari', 6),
(301, 'Ramnagarbhutaha', 6),
(302, 'Sahebganj', 6),
(303, 'Santerjhora', 6),
(304, 'Simariya', 6),
(305, 'Singiya', 6),
(306, 'Sonapur', 6),
(307, 'Sripurjabdi', 6),
(308, 'Tanamuna', 6),
(309, 'Ahale', 7),
(310, 'Ankhisalla', 7),
(311, 'Arkhaulejitpur', 7),
(312, 'Basantatar', 7),
(313, 'Belhara', 7),
(314, 'Bhirgaun', 7),
(315, 'Bodhe', 7),
(316, 'Budhabare', 7),
(317, 'Budimorang', 7),
(318, 'Chanuwa', 7),
(319, 'Chhintang', 7),
(320, 'Chungwang', 7),
(321, 'Dandabazar', 7),
(322, 'Dandagaun', 7),
(323, 'Dhankuta Municipality', 7),
(324, 'Faksib', 7),
(325, 'Falate', 7),
(326, 'Ghorlikharka', 7),
(327, 'Hathikharka', 7),
(328, 'Khoku', 7),
(329, 'Khuwafok', 7),
(330, 'Kurule', 7),
(331, 'Leguwa', 7),
(332, 'Mahabharat', 7),
(333, 'Marekkatahare', 7),
(334, 'Mounabudhuk', 7),
(335, 'Mudebas', 7),
(336, 'Muga', 7),
(337, 'Murtidhunga', 7),
(338, 'Pakhribas', 7),
(339, 'Parewadin', 7),
(340, 'Rajarani', 7),
(341, 'Sanne', 7),
(342, 'Tankhuwa', 7),
(343, 'Telia', 7),
(344, 'Vedetar', 7),
(345, 'Ambung', 8),
(346, 'Angdeem', 8),
(347, 'Basantapur', 8),
(348, 'Chhatedhunga', 8),
(349, 'Chuhandanda', 8),
(350, 'Dangapa', 8),
(351, 'Eseebu', 8),
(352, 'Ewa', 8),
(353, 'Hamarjung', 8),
(354, 'Hwaku', 8),
(355, 'Jaljale', 8),
(356, 'Jirikhinti', 8),
(357, 'Khamlalung', 8),
(358, 'Morahang', 8),
(359, 'Myanglung', 8),
(360, 'Okhare', 8),
(361, 'Oyakjung', 8),
(362, 'Panchakanyapokhari', 8),
(363, 'Phakchamara', 8),
(364, 'Phulek', 8),
(365, 'Piple', 8),
(366, 'Pouthak', 8),
(367, 'Sabla', 8),
(368, 'Samdu', 8),
(369, 'Sankrantibazar', 8),
(370, 'Shreejung', 8),
(371, 'Simle', 8),
(372, 'Solma', 8),
(373, 'Sudap', 8),
(374, 'Sungnam', 8),
(375, 'Tamfula', 8),
(376, 'Thoklung', 8),
(377, 'Ankhibhui', 9),
(378, 'Bahrabise', 9),
(379, 'Bala', 9),
(380, 'Bana', 9),
(381, 'Baneswor', 9),
(382, 'Chainpur', 9),
(383, 'Chepuwa', 9),
(384, 'Dhupu', 9),
(385, 'Diding', 9),
(386, 'Hatiya', 9),
(387, 'Jaljala', 9),
(388, 'Keemathnka', 9),
(389, 'Khandbari Municipality', 9),
(390, 'Kharang', 9),
(391, 'Madimulkharka', 9),
(392, 'Madirambeni', 9),
(393, 'Makalu', 9),
(394, 'Mamling', 9),
(395, 'Mangtewa', 9),
(396, 'Matsyapokhari', 9),
(397, 'Mawadin', 9),
(398, 'Num', 9),
(399, 'Nundhaki', 9),
(400, 'Pathibhara', 9),
(401, 'Pawakhola', 9),
(402, 'Sabhapokhari', 9),
(403, 'Siddhakali', 9),
(404, 'Siddhapokhari', 9),
(405, 'Sisuwakhola', 9),
(406, 'Sitalpati', 9),
(407, 'Syabun', 9),
(408, 'Tamafok', 9),
(409, 'Tamku', 9),
(410, 'Yafu', 9),
(411, 'Aamtep', 10),
(412, 'Annapurna', 10),
(413, 'Baikuntha', 10),
(414, 'Basikhola', 10),
(415, 'Basingtharpur', 10),
(416, 'Basteem', 10),
(417, 'Bhaisipankha', 10),
(418, 'Bhojpur', 10),
(419, 'Bhubal(Yoon)', 10),
(420, 'Bhulke', 10),
(421, 'Bokhim', 10),
(422, 'Boya', 10),
(423, 'Champe', 10),
(424, 'Changre', 10),
(425, 'Charambi', 10),
(426, 'Chaukidada', 10),
(427, 'Chhinamakhu', 10),
(428, 'Dalgaun', 10),
(429, 'Deurali', 10),
(430, 'Dewantar', 10),
(431, 'Dhotlekhani', 10),
(432, 'Dobhane', 10),
(433, 'Dummana', 10),
(434, 'Gogane', 10),
(435, 'Gupteshwor', 10),
(436, 'Hasanpur', 10),
(437, 'Helauchha', 10),
(438, 'Homtang', 10),
(439, 'Jarayotar', 10),
(440, 'Keemalung', 10),
(441, 'Keurepani', 10),
(442, 'Khairang', 10),
(443, 'Khartimchha', 10),
(444, 'Khatamma', 10),
(445, 'Khawa', 10),
(446, 'Kota', 10),
(447, 'Kudakkaule', 10),
(448, 'Kulunga', 10),
(449, 'Lekharka', 10),
(450, 'Manebhanjyang', 10),
(451, 'Mulpani', 10),
(452, 'Nagi', 10),
(453, 'Nepaledada', 10),
(454, 'Okhre', 10),
(455, 'Pangcha', 10),
(456, 'Patlepani', 10),
(457, 'Pawala', 10),
(458, 'Pyauli', 10),
(459, 'Ranibas', 10),
(460, 'Sangpang', 10),
(461, 'Sanodumma', 10),
(462, 'Shyamsila', 10),
(463, 'Siddheswor', 10),
(464, 'Sindrang', 10),
(465, 'Taksar', 10),
(466, 'Thidingkha', 10),
(467, 'Thulodumma', 10),
(468, 'Timma', 10),
(469, 'Tiwaribhangyan', 10),
(470, 'Tunggechha', 10),
(471, 'Walangkha', 10),
(472, 'Yaku', 10),
(473, 'Yangpang', 10),
(474, 'Baku', 11),
(475, 'Basa', 11),
(476, 'Beni', 11),
(477, 'Bhakanje', 11),
(478, 'Bung', 11),
(479, 'Chaulakharka', 11),
(480, 'Chaurikharka', 11),
(481, 'Chheskam', 11),
(482, 'Deusa', 11),
(483, 'Garma', 11),
(484, 'Goli', 11),
(485, 'Gorakhani', 11),
(486, 'Gudel', 11),
(487, 'Jubing', 11),
(488, 'Jubu', 11),
(489, 'Kaku', 11),
(490, 'Kangel', 11),
(491, 'Khumjung', 11),
(492, 'Kureng', 11),
(493, 'Lodingtamakhani', 11),
(494, 'Lokhim', 11),
(495, 'Mabe(Pawai)', 11),
(496, 'Mukali', 11),
(497, 'Namche', 11),
(498, 'Nechabatase', 11),
(499, 'Nechabedghari', 11),
(500, 'Nele', 11),
(501, 'Panchan', 11),
(502, 'Salleri', 11),
(503, 'Salyan', 11),
(504, 'Sotang', 11),
(505, 'Takasindu', 11),
(506, 'Tapting', 11),
(507, 'Tingla', 11),
(508, 'Andheri(Narayansthan)', 12),
(509, 'Baksa', 12),
(510, 'Balakhu', 12),
(511, 'Barnalu', 12),
(512, 'Baruneshwor', 12),
(513, 'Betini', 12),
(514, 'Bhadaure', 12),
(515, 'Bhussinga', 12),
(516, 'Bigutar', 12),
(517, 'Bilandu', 12),
(518, 'Chyanam', 12),
(519, 'Diyale', 12),
(520, 'Fediguth', 12),
(521, 'Fulbari', 12),
(522, 'Gamnangtar', 12),
(523, 'Harkapur', 12),
(524, 'Jantarkhani', 12),
(525, 'Jyamire', 12),
(526, 'Kalikadevi', 12),
(527, 'Kaptigaun(Khigikati)', 12),
(528, 'Katunje', 12),
(529, 'Ketuke', 12),
(530, 'Khijichandeshwori.', 12),
(531, 'Khijifalate', 12),
(532, 'Kuibhir', 12),
(533, 'Kuntadevi', 12),
(534, 'Madhavpur', 12),
(535, 'Mamkha', 12),
(536, 'Manebhanjyang', 12),
(537, 'Moli', 12),
(538, 'Mulkharka', 12),
(539, 'Narmedeshwor', 12),
(540, 'Okhaldhunga', 12),
(541, 'Palapu', 12),
(542, 'Palte', 12),
(543, 'Pokali', 12),
(544, 'Pokhare', 12),
(545, 'Prapcha', 12),
(546, 'Ragadeep', 12),
(547, 'Ragani', 12),
(548, 'Raniban', 12),
(549, 'Ratmata', 12),
(550, 'Rawadolu', 12),
(551, 'Rumjatar', 12),
(552, 'Salleri', 12),
(553, 'Serna', 12),
(554, 'Shreechaur', 12),
(555, 'Singhadevi', 12),
(556, 'Sisneri', 12),
(557, 'Taluwa', 12),
(558, 'Tarkerabari', 12),
(559, 'Thakle', 12),
(560, 'Thoksel', 12),
(561, 'Thulachhap', 12),
(562, 'Ubu', 12),
(563, 'Yasam', 12),
(564, 'Ainselukharka', 13),
(565, 'Arkhaule', 13),
(566, 'Badahare', 13),
(567, 'Badakadiyale', 13),
(568, 'Bahunidanda', 13),
(569, 'Bakachol', 13),
(570, 'Baksila', 13),
(571, 'Bamrang', 13),
(572, 'Barahapokhari', 13),
(573, 'Baspani', 13),
(574, 'Batase', 13),
(575, 'Bijayakharka', 13),
(576, 'Buipa', 13),
(577, 'Chhitapokhari', 13),
(578, 'Chhorambu', 13),
(579, 'Chipring', 13),
(580, 'Chisapani', 13),
(581, 'Chyandada', 13),
(582, 'Chyasmitar', 13),
(583, 'Damarkhushivalaya', 13),
(584, 'Dandagaun', 13),
(585, 'Devisthan', 13),
(586, 'Dhitung', 13),
(587, 'Diktel', 13),
(588, 'Dikuwa', 13),
(589, 'Diplung', 13),
(590, 'Dorpachiuridada', 13),
(591, 'Dubekoldada', 13),
(592, 'Dumredharapani', 13),
(593, 'Durchhim', 13),
(594, 'Faktang', 13),
(595, 'Haunchur', 13),
(596, 'Indranipokhari', 13),
(597, 'Jalapa', 13),
(598, 'Jyamire', 13),
(599, 'Kahule', 13),
(600, 'Khalle', 13),
(601, 'Kharmi', 13),
(602, 'Kharpa', 13),
(603, 'Khartanchha', 13),
(604, 'Khidima', 13),
(605, 'Khotangbazar', 13),
(606, 'Kuvinde', 13),
(607, 'Lafyang', 13),
(608, 'Lamidada', 13),
(609, 'Lichkiramche', 13),
(610, 'Linkuwapokhari', 13),
(611, 'Magpa', 13),
(612, 'Mahadevasthan', 13),
(613, 'Mangaltar', 13),
(614, 'Mattimbirta', 13),
(615, 'Mauwabote', 13),
(616, 'Nerpa', 13),
(617, 'Nirmalidada', 13),
(618, 'Nunthala', 13),
(619, 'Patheka', 13),
(620, 'Pauwasera', 13),
(621, 'Phedi', 13),
(622, 'R.Maheswori', 13),
(623, 'Rajapani', 13),
(624, 'Rakhabangdel', 13),
(625, 'Rakhadipsung', 13),
(626, 'Ratanchamajhagau', 13),
(627, 'Ribdungjaleswor', 13),
(628, 'Sa.Chhitapokhari', 13),
(629, 'Salle', 13),
(630, 'Sapteswor', 13),
(631, 'Saunechaur', 13),
(632, 'Sawakatahare', 13),
(633, 'Simpani', 13),
(634, 'Sungdel', 13),
(635, 'Suntale', 13),
(636, 'Temma', 13),
(637, 'Woplukha', 13),
(638, 'Wopung', 13),
(639, 'Yamkha', 13),
(640, 'Aaptar', 14),
(641, 'Balamta', 14),
(642, 'Baraha', 14),
(643, 'Barai', 14),
(644, 'Basabote', 14),
(645, 'Bashaha', 14),
(646, 'Beltar', 14),
(647, 'Bhuttar', 14),
(648, 'Chaudandi', 14),
(649, 'Dumre', 14),
(650, 'Hadiya', 14),
(651, 'Hardeni', 14),
(652, 'Iname', 14),
(653, 'Jalpachilaune', 14),
(654, 'Jante', 14),
(655, 'Jogidaha', 14),
(656, 'Katari', 14),
(657, 'Katunjebawala', 14),
(658, 'Khanbu', 14),
(659, 'Laphagau', 14),
(660, 'Lekhani', 14),
(661, 'Lekhgau', 14),
(662, 'Limpatar', 14),
(663, 'Mainamiani', 14),
(664, 'Nametar', 14),
(665, 'Okhale', 14),
(666, 'Pachchawati', 14),
(667, 'Pokhari', 14),
(668, 'Rauta', 14),
(669, 'Risku', 14),
(670, 'Rupatar', 14),
(671, 'Saune', 14),
(672, 'Shorungchabise', 14),
(673, 'Sidhdipur', 14),
(674, 'Sirise', 14),
(675, 'Sundarpur', 14),
(676, 'Tamlida', 14),
(677, 'Tapeswori', 14),
(678, 'Tawashree', 14),
(679, 'Thanagau', 14),
(680, 'Thoksila', 14),
(681, 'Tribeni', 14),
(682, 'Trijuga Municipality', 14),
(683, 'Valayadanda', 14),
(684, 'Yayankhu', 14),
(685, 'Arnaha', 15),
(686, 'Aurahi', 15),
(687, 'Badgama', 15),
(688, 'Bairawa', 15),
(689, 'Bakdhauwa', 15),
(690, 'Bamangamakatti', 15),
(691, 'Banainiya', 15),
(692, 'Banarjhula', 15),
(693, 'Banaula', 15),
(694, 'Banauli', 15),
(695, 'Baramjhiya', 15),
(696, 'Barsain(Ko.)', 15),
(697, 'Basbalpur', 15),
(698, 'Basbiti', 15),
(699, 'Bathanaha', 15),
(700, 'Belhi', 15),
(701, 'Belhichapena', 15),
(702, 'Bhagawatpur', 15),
(703, 'Bhangaha', 15),
(704, 'Bhardaha', 15),
(705, 'Bhutahi', 15),
(706, 'Birpurbarahi', 15),
(707, 'Bishahariya', 15),
(708, 'Bodebarsaien', 15),
(709, 'Boriya', 15),
(710, 'Brahmapur', 15),
(711, 'Chhinnamasta', 15),
(712, 'Dadha', 15),
(713, 'Daulatpur', 15),
(714, 'Deuri', 15),
(715, 'Deurimaruwa', 15),
(716, 'Dhanagadi', 15),
(717, 'Dharampur', 15),
(718, 'Dhodhanpur', 15),
(719, 'Didhawa', 15),
(720, 'Diman', 15),
(721, 'Fakira', 15),
(722, 'Farseth', 15),
(723, 'Fatepur', 15),
(724, 'Fulkahi', 15),
(725, 'Gamhariyaparwaha', 15),
(726, 'Gobargada', 15),
(727, 'Goithi', 15),
(728, 'Hanumannagar', 15),
(729, 'Hardiya', 15),
(730, 'Hariharpur', 15),
(731, 'Haripur', 15),
(732, 'Inarwa', 15),
(733, 'Inarwafulpariya', 15),
(734, 'Itaharibishnupur', 15),
(735, 'Jagatpur', 15),
(736, 'Jamunimadhepura', 15),
(737, 'Jandaul', 15),
(738, 'Jhutaki', 15),
(739, 'Joginiya-1', 15),
(740, 'Joginiya-2', 15),
(741, 'Kabilash', 15),
(742, 'Kachan', 15),
(743, 'Kalyanpur', 15),
(744, 'Kamalpur', 15),
(745, 'Kanchanpur', 15),
(746, 'Kataiya', 15),
(747, 'Khadgapur', 15),
(748, 'Khojpur', 15),
(749, 'Khoksarparbaha', 15),
(750, 'Ko.Madhepura', 15),
(751, 'Kochabakhari', 15),
(752, 'Koiladi', 15),
(753, 'Kushaha', 15),
(754, 'Lalapati', 15),
(755, 'Launiya', 15),
(756, 'Lohajara', 15),
(757, 'Madhawapur', 15),
(758, 'Madhupati', 15),
(759, 'Mahadeva', 15),
(760, 'Mainakaderi', 15),
(761, 'Mainasahasrabahu', 15),
(762, 'Malekpur', 15),
(763, 'Maleth', 15),
(764, 'Malhanama', 15),
(765, 'Malhaniya', 15),
(766, 'Manraja', 15),
(767, 'Mauwaha', 15),
(768, 'Mohanpur', 15),
(769, 'Nardho', 15),
(770, 'Negada', 15),
(771, 'Odraha', 15),
(772, 'Pakari', 15),
(773, 'Pansera', 15),
(774, 'Paterwa', 15),
(775, 'Pato', 15),
(776, 'Patthargada', 15),
(777, 'Pipra(Purba)', 15),
(778, 'Pipra(West)', 15),
(779, 'Portaha', 15),
(780, 'Prasabani', 15),
(781, 'Rajbiraj Municipality', 15),
(782, 'Ramnagar', 15),
(783, 'Rampuramalhaniya', 15),
(784, 'Rampurjamuwa', 15),
(785, 'Rautahat', 15),
(786, 'Rayapur', 15),
(787, 'Rupnagar', 15),
(788, 'Sambhunath', 15),
(789, 'Sankarpura', 15),
(790, 'Saraswor', 15),
(791, 'Simrahasigiyoun', 15),
(792, 'Siswabeihi', 15),
(793, 'Sitapur', 15),
(794, 'Tarahi', 15),
(795, 'Terahota', 15),
(796, 'Theliya', 15),
(797, 'Tikuliya', 15),
(798, 'Tilathi', 15),
(799, 'Trikola', 15),
(800, 'Arnamalalpur', 16),
(801, 'Arnamarampur', 16),
(802, 'Asanpur', 16),
(803, 'Ashokpurbalkawa', 16),
(804, 'Aurahi', 16),
(805, 'Ayodhyanagar', 16),
(806, 'Badharamal', 16),
(807, 'Barchhawa', 16),
(808, 'Bariyarpatti', 16),
(809, 'Bastipur', 16),
(810, 'Belaha', 16),
(811, 'Belhi', 16),
(812, 'Betauna', 16),
(813, 'Bhadaiya', 16),
(814, 'Bhaganpur', 16),
(815, 'Bhagawatipur', 16),
(816, 'Bhawanipur', 16),
(817, 'Bhawanpurkalabanzar', 16),
(818, 'Bhokraha', 16),
(819, 'Bishnupurpra.Ma.', 16),
(820, 'Bishnupurpra.Ra', 16),
(821, 'Bishnupurkatti', 16),
(822, 'Brahmagaughadi', 16),
(823, 'Chandraayodhyapur', 16),
(824, 'Chandralalpur', 16),
(825, 'Chandrodayapur', 16),
(826, 'Chatari', 16),
(827, 'Chikana', 16),
(828, 'Devipur', 16),
(829, 'Dhangadi', 16),
(830, 'Dhodhana', 16),
(831, 'Dumari', 16),
(832, 'Durgapur', 16),
(833, 'Fulbariya', 16),
(834, 'Fulkahakati', 16),
(835, 'Gadha', 16),
(836, 'Gauripur', 16),
(837, 'Gautari', 16),
(838, 'Govindapurmalahanama', 16),
(839, 'Govindpurtaregana', 16),
(840, 'Hakpara', 16),
(841, 'Hanumannagar', 16),
(842, 'Hanumannagar(Pra.Dha.)', 16),
(843, 'Harakatti', 16),
(844, 'Inarwa', 16),
(845, 'Itarhawa', 16),
(846, 'Itariparsahi', 16),
(847, 'Itatar', 16),
(848, 'Jamadaha', 16),
(849, 'Janakinagar', 16),
(850, 'Jighaul', 16),
(851, 'Kabilasi', 16),
(852, 'Kachanari', 16),
(853, 'Kalyanpurjabadi', 16),
(854, 'Kalyanpurkalabanzar', 16),
(855, 'Karjanha', 16),
(856, 'Kharukyanhi', 16),
(857, 'Khirauna', 16),
(858, 'Krishnapurbirta', 16),
(859, 'Kushahalaxininiya', 16),
(860, 'Lagadigadiyani', 16),
(861, 'Lagadigodh', 16),
(862, 'Lahan Municipality', 16),
(863, 'Lalpur', 16),
(864, 'Laxminiya', 16),
(865, 'Laxmipur(Pra.Ma.)', 16),
(866, 'Laxmipurpatari', 16),
(867, 'Madar', 16),
(868, 'Mahadewaportaha', 16),
(869, 'Mahanaur', 16),
(870, 'Maheshpurgamharia', 16),
(871, 'Maheshpurpatari', 16),
(872, 'Majhauliya', 16),
(873, 'Majhaura', 16),
(874, 'Malhaniyagamharia', 16),
(875, 'Malhaniyakhori', 16),
(876, 'Mauwahi', 16),
(877, 'Media', 16),
(878, 'Mohanpurkamalpur', 16),
(879, 'Muksar', 16),
(880, 'Nahararigoul', 16),
(881, 'Narahabalkawa', 16),
(882, 'Navarajpur', 16),
(883, 'Padariyatharutol', 16),
(884, 'Piprapra.Dha', 16),
(885, 'Piprapra.Pi', 16),
(886, 'Pokharbhinda', 16),
(887, 'Radhopur', 16),
(888, 'Rajpur', 16),
(889, 'Ramnagarmirchaiya', 16),
(890, 'Rampurbirta', 16),
(891, 'Sakhuwanankarkatti', 16),
(892, 'Sanhaitha', 16),
(893, 'Sarswar', 16),
(894, 'Sikron', 16),
(895, 'Silorbapachhawari', 16),
(896, 'Siraha Municipality', 16),
(897, 'Sisawani', 16),
(898, 'Sitapurpra.Da.', 16),
(899, 'Sitapurpra.Ra.', 16),
(900, 'Sonmatimajhaura', 16),
(901, 'Sothiyan', 16),
(902, 'Sukhachina', 16),
(903, 'Sukhipur', 16),
(904, 'Tenuwapatti', 16),
(905, 'Thalahakataha', 16),
(906, 'Tulsipur', 16),
(907, 'Vidhyanagar', 16),
(908, 'Andupatti', 17),
(909, 'Aurahi', 17),
(910, 'Bafai', 17),
(911, 'Bagchaura', 17),
(912, 'Bahedabala', 17),
(913, 'Bahuarba', 17),
(914, 'Balabakhar', 17),
(915, 'Balahakathal', 17),
(916, 'Balahasadhara', 17),
(917, 'Ballagoth', 17),
(918, 'Baniniya', 17),
(919, 'Baramajhiya', 17),
(920, 'Basahiya', 17),
(921, 'Basbitti', 17),
(922, 'Bateswor', 17),
(923, 'Begashivapur', 17),
(924, 'Begadawar', 17),
(925, 'Bharatpur', 17),
(926, 'Bhuchakrapur', 17),
(927, 'Bhutahipaterwa', 17),
(928, 'Bindhi', 17),
(929, 'Bisarbhora', 17),
(930, 'Chakkar', 17),
(931, 'Chorakoilpur', 17),
(932, 'D.Govindapur', 17),
(933, 'Debadiha', 17),
(934, 'Deuriparbaha', 17),
(935, 'Devpurarupetha', 17),
(936, 'Dhabouli', 17),
(937, 'Dhalkebar', 17),
(938, 'Dhanauji', 17),
(939, 'Dhanusadham', 17),
(940, 'Digambarpur', 17),
(941, 'Dubarikothathalekha', 17),
(942, 'Duhabi', 17),
(943, 'Ekarahi', 17),
(944, 'Fulgama', 17),
(945, 'Ghodghans', 17),
(946, 'Godar', 17),
(947, 'Gopalpur', 17),
(948, 'Gothkohelpur', 17),
(949, 'Hansapurkathpula', 17),
(950, 'Hariharpur', 17),
(951, 'Harine', 17),
(952, 'Hathipurharbara', 17),
(953, 'Inarwa', 17),
(954, 'Itaharwa', 17),
(955, 'Janakpur Municipality', 17),
(956, 'Jhatiyahi', 17),
(957, 'Jhojhikataiya', 17),
(958, 'Kachurithera', 17),
(959, 'Kajararamaul', 17),
(960, 'Kanakpatti', 17),
(961, 'Khajurichanha', 17),
(962, 'Khariyani', 17),
(963, 'Kurtha', 17),
(964, 'Labatoli', 17),
(965, 'Lagmagadhaguthi', 17),
(966, 'Lakhouri', 17),
(967, 'Lakkad', 17),
(968, 'Laxminiwas', 17),
(969, 'Laxmipurbagewa', 17),
(970, 'Lohana', 17),
(971, 'Mahuwa(Pra.Khe)', 17),
(972, 'Mahuwa(Pra.Ko)', 17),
(973, 'Makhanaha', 17),
(974, 'Manshingpatti', 17),
(975, 'Marchaijhitakaiya', 17),
(976, 'Mithileswormauwahi', 17),
(977, 'Mithileswornikas', 17),
(978, 'Mukhiyapattimushargiya', 17),
(979, 'Nagaraeen', 17),
(980, 'Nakatajhijh', 17),
(981, 'Nanupatti', 17),
(982, 'Nauwakhorprashahi', 17),
(983, 'Pachaharwa', 17),
(984, 'Patanuka', 17),
(985, 'Paterwa', 17),
(986, 'Paudeswor', 17),
(987, 'Puspalpur', 17),
(988, 'Raghunathpur', 17),
(989, 'Ramaidaiyabhawadi', 17),
(990, 'Sabela', 17),
(991, 'Sakhuwamahendranagar', 17),
(992, 'Sapahi', 17),
(993, 'Satosar', 17),
(994, 'Shantipur', 17),
(995, 'Siddha', 17),
(996, 'Singyahimaidan', 17),
(997, 'Sinurjoda', 17),
(998, 'Sonigama', 17),
(999, 'Sugamadhukarahi', 17),
(1000, 'Suganikash', 17),
(1001, 'Tarapattisirsiya', 17),
(1002, 'Thadijhijha', 17),
(1003, 'Thillayaduwa', 17),
(1004, 'Tulsichauda', 17),
(1005, 'Tulsiyahinikas', 17),
(1006, 'Tulsiyanijabdi', 17),
(1007, 'Umaprempur', 17),
(1008, 'Yadukush', 17),
(1009, 'Yagyabhumi', 17),
(1010, 'Anakar', 18),
(1011, 'Aurahi', 18),
(1012, 'Bagada', 18),
(1013, 'Bairgiyabanchauri', 18),
(1014, 'Bairgiyalaxminiya', 18),
(1015, 'Balawa', 18),
(1016, 'Banaulidonauli', 18),
(1017, 'Banouta', 18),
(1018, 'Bardibas', 18),
(1019, 'Basabitti', 18),
(1020, 'Bathanaha', 18),
(1021, 'Belgachhi', 18),
(1022, 'Bharatpur', 18),
(1023, 'Bhatauliya', 18),
(1024, 'Bijayalpura', 18),
(1025, 'Bramarpura', 18),
(1026, 'Damhimarayee', 18),
(1027, 'Dhamaura', 18),
(1028, 'Dharmapur', 18),
(1029, 'Dhirapur', 18),
(1030, 'Ekadarabela', 18),
(1031, 'Ekarahiya', 18),
(1032, 'Etaharwakatti', 18),
(1033, 'Fulahattaparikauli', 18),
(1034, 'Fulakaha', 18),
(1035, 'Gaidahabhelpur', 18),
(1036, 'Gauribas', 18),
(1037, 'Gaushala', 18),
(1038, 'Gonarpura', 18),
(1039, 'Halkhori', 18),
(1040, 'Hariharpurharinamari', 18),
(1041, 'Hathilet', 18),
(1042, 'Hatisarwa', 18),
(1043, 'Jaleshwar Municipality', 18),
(1044, 'Khairbanni', 18),
(1045, 'Khayarmara', 18),
(1046, 'Khopi', 18),
(1047, 'Khuttapiparadhi', 18),
(1048, 'Kisannagar', 18),
(1049, 'Kolhuwabagaicha', 18),
(1050, 'Laximiniya', 18),
(1051, 'Loharpatti', 18),
(1052, 'Mahadaiyatapanpur', 18),
(1053, 'Mahottari', 18),
(1054, 'Maisthan', 18),
(1055, 'Majhorabishnupur', 18),
(1056, 'Manara', 18),
(1057, 'Matihani', 18),
(1058, 'Meghanathgorahanna', 18),
(1059, 'Nainhi', 18),
(1060, 'Nigaul', 18),
(1061, 'Paraul', 18),
(1062, 'Parsadewadh', 18),
(1063, 'Parsapateli', 18),
(1064, 'Pasupatinagar', 18),
(1065, 'Pigouna', 18),
(1066, 'Pipra', 18),
(1067, 'Pokharibhindasamgrampur', 18),
(1068, 'Raghunathpur', 18),
(1069, 'Ramgopalpur', 18),
(1070, 'Ramnagar', 18),
(1071, 'Ratauli', 18),
(1072, 'Sahasaula', 18),
(1073, 'Sahorawa', 18),
(1074, 'Sandha', 18),
(1075, 'Sarpallo', 18),
(1076, 'Shamsi', 18),
(1077, 'Shreepur', 18),
(1078, 'Simardahi', 18),
(1079, 'Singyahi', 18),
(1080, 'Sisawakataiya', 18),
(1081, 'Sonama', 18),
(1082, 'Sonamai', 18),
(1083, 'Sonaul', 18),
(1084, 'Sugavawani', 18),
(1085, 'Sundarpur', 18),
(1086, 'Vagaha', 18),
(1087, 'Achalgadh', 19),
(1088, 'Arnaha', 19),
(1089, 'Atrouli', 19),
(1090, 'Aurahi', 19),
(1091, 'Babarganj', 19),
(1092, 'Bagdaha', 19),
(1093, 'Bahadurpur', 19),
(1094, 'Balara', 19),
(1095, 'Baraudhoran', 19),
(1096, 'Barahathawa', 19),
(1097, 'Basantapur', 19),
(1098, 'Batraul', 19),
(1099, 'Bela', 19),
(1100, 'Belhi', 19),
(1101, 'Belwajabdi', 19),
(1102, 'Bhadsar', 19),
(1103, 'Bhagawatipur', 19),
(1104, 'Bhaktipur', 19),
(1105, 'Bhawanipur', 19),
(1106, 'Brahmapuri', 19),
(1107, 'Chandranagar', 19),
(1108, 'Chhataul', 19),
(1109, 'Chhatona', 19),
(1110, 'Dhanakaulpachhiyati', 19),
(1111, 'Dhanakaulpurba', 19),
(1112, 'Dhangada', 19),
(1113, 'Dhungrekhola', 19),
(1114, 'Dhurkauli', 19),
(1115, 'Dumariya', 19),
(1116, 'Farahadawa', 19),
(1117, 'Fulparasi', 19),
(1118, 'Gadahiyabairi', 19),
(1119, 'Gamhariya', 19),
(1120, 'Godeta', 19),
(1121, 'Gourishankar', 19),
(1122, 'Hajariya', 19),
(1123, 'Harakthawa', 19),
(1124, 'Haripur', 19),
(1125, 'Haripurwa', 19),
(1126, 'Hariyon', 19),
(1127, 'Hathiyol', 19),
(1128, 'Hempur', 19),
(1129, 'Ishworpur', 19),
(1130, 'Jabdi', 19),
(1131, 'Jamuniya', 19),
(1132, 'Janakinagar', 19),
(1133, 'Jingadawa', 19),
(1134, 'Kabilasi', 19),
(1135, 'Kalinjor', 19),
(1136, 'Karmaiya', 19),
(1137, 'Khirwa', 19),
(1138, 'Khoriya', 19),
(1139, 'Khutauna', 19),
(1140, 'Kisanpur', 19),
(1141, 'Kodena', 19),
(1142, 'Lalbandi', 19),
(1143, 'Laukath', 19),
(1144, 'Laxmipurkodraha', 19),
(1145, 'Laxmipursu.', 19),
(1146, 'Madhubangoth', 19),
(1147, 'Madhubani', 19),
(1148, 'Mahinathpur', 19),
(1149, 'Mailhi', 19),
(1150, 'Malangawa  Municipality', 19),
(1151, 'Manpur', 19),
(1152, 'Mirjapur', 19),
(1153, 'Mohanpur', 19),
(1154, 'Motipur', 19),
(1155, 'Murtiya', 19),
(1156, 'Musauli', 19),
(1157, 'Narayankhola', 19),
(1158, 'Narayanpur', 19),
(1159, 'Netraganj', 19),
(1160, 'Noukailawa', 19),
(1161, 'Parsa', 19),
(1162, 'Parwanipur', 19),
(1163, 'Pattharkot', 19),
(1164, 'Pidari', 19),
(1165, 'Pidariya', 19),
(1166, 'Pipariya', 19),
(1167, 'Rajghat', 19),
(1168, 'Ramban', 19),
(1169, 'Ramnagarbahaur', 19),
(1170, 'Raniganj', 19),
(1171, 'Rohuwa', 19),
(1172, 'Sakraul', 19),
(1173, 'Salempur', 19),
(1174, 'Sangrampur', 19),
(1175, 'Sankarpur', 19),
(1176, 'Sasapur', 19),
(1177, 'Shreepur', 19),
(1178, 'Sikhauna', 19),
(1179, 'Simara', 19),
(1180, 'Sisotiya', 19),
(1181, 'Sisout', 19),
(1182, 'Sohadawa', 19),
(1183, 'Sudama', 19),
(1184, 'Sundarpur', 19),
(1185, 'Sundarpurchuldawa', 19),
(1186, 'Tribhuwannagar', 19),
(1187, 'Amale', 20),
(1188, 'Arunthakur', 20),
(1189, 'Bahuntilpung', 20),
(1190, 'Balajor', 20),
(1191, 'Baseshwor', 20),
(1192, 'Bastipur', 20),
(1193, 'Belghari', 20),
(1194, 'Bhadrakali', 20),
(1195, 'Bhimeshwor', 20),
(1196, 'Bhimsthan', 20),
(1197, 'Bhuwaneshorigwaltar', 20),
(1198, 'Bitijorbagaiya', 20),
(1199, 'Dadiguranshe', 20),
(1200, 'Dudbhanjyang', 20),
(1201, 'Dudhouli', 20),
(1202, 'Hariharpurgadhi', 20),
(1203, 'Harsahi', 20),
(1204, 'Hatpate', 20),
(1205, 'Jalkanya', 20),
(1206, 'Jarayotar', 20),
(1207, 'Jhangajholiralmata', 20),
(1208, 'Jinakhu', 20),
(1209, 'Kakurthakur', 20),
(1210, 'Kalpabrishykha', 20),
(1211, 'Kamalamai Municipality', 20),
(1212, 'Kapilakot', 20),
(1213, 'Khangsang', 20),
(1214, 'Kholagaun', 20),
(1215, 'Kuseswordumja', 20),
(1216, 'Kyaneshwor', 20),
(1217, 'Ladabhir(Mahendra)', 20),
(1218, 'Lampantar', 20),
(1219, 'Mahadevdada', 20),
(1220, 'Mahadevsthan', 20),
(1221, 'Mahendrajhayadi', 20),
(1222, 'Majhuwa', 20),
(1223, 'Netrakali', 20),
(1224, 'Nipane', 20),
(1225, 'Pipalmadi', 20),
(1226, 'Puranojhangajholi', 20),
(1227, 'Ranibas', 20),
(1228, 'Ranichuri', 20),
(1229, 'Ratanchura', 20),
(1230, 'Ratnawati', 20),
(1231, 'Santeswori(Rampur)', 20),
(1232, 'Sirthouli', 20),
(1233, 'Sitalpati', 20),
(1234, 'Solpathana', 20),
(1235, 'Sunampokhari', 20),
(1236, 'Tamajor', 20),
(1237, 'Tandi', 20),
(1238, 'Tinkanya', 20),
(1239, 'Tosramkhola', 20),
(1240, 'Tribhuvanambote', 20),
(1241, 'Bamtibhandar', 21),
(1242, 'Betali', 21),
(1243, 'Bethan', 21),
(1244, 'Bhadaure', 21),
(1245, 'Bhatauli', 21),
(1246, 'Bhirpani', 21),
(1247, 'Bhujee', 21),
(1248, 'Bijulikot', 21),
(1249, 'Chanakhu', 21),
(1250, 'Chisapani', 21),
(1251, 'Chuchure', 21),
(1252, 'Dadhuwa', 21),
(1253, 'Deurali', 21),
(1254, 'Dimipokhari', 21),
(1255, 'Doramba', 21),
(1256, 'Duragau', 21),
(1257, 'Farpu', 21),
(1258, 'Gelu', 21),
(1259, 'Goswara', 21),
(1260, 'Gothgau', 21),
(1261, 'Gumdel', 21),
(1262, 'Gunsibhadaure', 21),
(1263, 'Guptesor', 21),
(1264, 'Hiledevi', 21),
(1265, 'Himganga', 21),
(1266, 'Kathjor', 21),
(1267, 'Khadadevi', 21),
(1268, 'Khaniyapani', 21),
(1269, 'Khimti', 21),
(1270, 'Kubukasthali', 21),
(1271, 'Lakhanpur', 21),
(1272, 'Majuwa', 21),
(1273, 'Makadum', 21),
(1274, 'Maluwajor', 21),
(1275, 'Manthali', 21),
(1276, 'Nagadaha', 21),
(1277, 'Namadi', 21),
(1278, 'Okhreni', 21),
(1279, 'Pakarbas', 21),
(1280, 'Phulasi', 21),
(1281, 'Pinkhuri', 21),
(1282, 'Pritee', 21),
(1283, 'Puranagau', 21),
(1284, 'Rakathum', 21),
(1285, 'Ramechhap', 21),
(1286, 'Rampur', 21),
(1287, 'Rasanalu', 21),
(1288, 'Saipu', 21),
(1289, 'Salupati', 21),
(1290, 'Sanghutar', 21),
(1291, 'Sukajor', 21),
(1292, 'Sunarpani', 21),
(1293, 'Those', 21),
(1294, 'Tilpung', 21),
(1295, 'Tokarpur', 21),
(1296, 'Alampu', 22),
(1297, 'Babare', 22),
(1298, 'Bhedapu', 22),
(1299, 'Bhimeshwar Municipality', 22),
(1300, 'Bhirkot', 22),
(1301, 'Bhusaphedi', 22),
(1302, 'Bigu', 22),
(1303, 'Bocha', 22),
(1304, 'Bulung', 22),
(1305, 'Chankhu', 22),
(1306, 'Chhetrapa', 22),
(1307, 'Chilankha', 22),
(1308, 'Chyama', 22),
(1309, 'Dandakharka', 22),
(1310, 'Dudhpokhari', 22),
(1311, 'Phasku', 22),
(1312, 'Gairimudi', 22),
(1313, 'Gaurisankar', 22),
(1314, 'Ghangsukathokar', 22),
(1315, 'Hawa', 22),
(1316, 'Japhe', 22),
(1317, 'Jhule', 22),
(1318, 'Jhyaku', 22),
(1319, 'Jiri', 22),
(1320, 'Jugu', 22),
(1321, 'Kabhre', 22),
(1322, 'Kalingchok', 22),
(1323, 'Katakuti', 22),
(1324, 'Khare', 22),
(1325, 'Khopachagu', 22),
(1326, 'Laduk', 22),
(1327, 'Lakuridada', 22),
(1328, 'Lamabagar', 22),
(1329, 'Lamidada', 22),
(1330, 'Lapilang', 22),
(1331, 'Magapauwa', 22),
(1332, 'Mali', 22),
(1333, 'Malu', 22),
(1334, 'Marbu', 22),
(1335, 'Melung', 22),
(1336, 'Mirge', 22),
(1337, 'Namdu', 22),
(1338, 'Orang', 22),
(1339, 'Pawati', 22),
(1340, 'Sahare', 22),
(1341, 'Sailungeswor', 22),
(1342, 'Sunakhani', 22),
(1343, 'Sundrawati', 22),
(1344, 'Suri', 22),
(1345, 'Susmachhemawati', 22),
(1346, 'Syama', 22),
(1347, 'Thulopatal', 22),
(1348, 'Atarpur', 23),
(1349, 'Badegau', 23),
(1350, 'Bansbari', 23),
(1351, 'Banskharka', 23),
(1352, 'Baramchi', 23),
(1353, 'Barhabise', 23),
(1354, 'Baruwa', 23),
(1355, 'Batase', 23),
(1356, 'Bhimtar', 23),
(1357, 'Bhotasipa', 23),
(1358, 'Bhotenamlang', 23),
(1359, 'Bhotechaur', 23),
(1360, 'Choukati', 23),
(1361, 'Choutara', 23),
(1362, 'Dhumthang', 23),
(1363, 'Dubachour', 23),
(1364, 'Fatakshila', 23),
(1365, 'Fulpingdandagau', 23),
(1366, 'Fulpingkatti', 23),
(1367, 'Fulpingkot', 23),
(1368, 'Gati', 23),
(1369, 'Ghorthali', 23),
(1370, 'Ghuskun', 23),
(1371, 'Gloche', 23),
(1372, 'Gumba', 23),
(1373, 'Gunsakot', 23),
(1374, 'Hagam', 23),
(1375, 'Haibung', 23),
(1376, 'Helumbu', 23),
(1377, 'Ichok', 23),
(1378, 'Irkhu', 23),
(1379, 'Jalbire', 23),
(1380, 'Jethal', 23),
(1381, 'Jyamire', 23),
(1382, 'Kadambas', 23),
(1383, 'Kalika', 23),
(1384, 'Karthali', 23),
(1385, 'Kiwool', 23),
(1386, 'Kubhinde', 23),
(1387, 'Kunchok', 23),
(1388, 'Langarche', 23),
(1389, 'Lisankhu', 23),
(1390, 'Listikot', 23),
(1391, 'Mahankal', 23),
(1392, 'Maneswor', 23),
(1393, 'Mankha', 23),
(1394, 'Marming', 23),
(1395, 'Melamchi', 23),
(1396, 'Motang', 23),
(1397, 'Nawalpur', 23),
(1398, 'Pagretar', 23),
(1399, 'Palchok', 23),
(1400, 'Pangtang', 23),
(1401, 'Petaku', 23),
(1402, 'Pipaldanda', 23),
(1403, 'Piskar', 23),
(1404, 'Ramche', 23),
(1405, 'Sangachok', 23),
(1406, 'Sanusiruwari', 23),
(1407, 'Selang', 23),
(1408, 'Sikharpur', 23),
(1409, 'Sindhukot', 23),
(1410, 'Sipapokhare', 23),
(1411, 'Sipalkavre', 23),
(1412, 'Sunkhani', 23),
(1413, 'Syaulebazar', 23),
(1414, 'Talramarang', 23),
(1415, 'Tatopani', 23),
(1416, 'Tauthali', 23),
(1417, 'Tekanpur', 23),
(1418, 'Thakani', 23),
(1419, 'Thampalchhap', 23),
(1420, 'Thanpalkot', 23),
(1421, 'Thokarpa', 23),
(1422, 'Thulodhading', 23),
(1423, 'Thulopakhar', 23),
(1424, 'Thulosirubari', 23),
(1425, 'Thumpakhar', 23),
(1426, 'Yamunadanda', 23),
(1427, 'Anaikot', 24),
(1428, 'Baldthali', 24),
(1429, 'Balting', 24),
(1430, 'Baluwapatideupur', 24),
(1431, 'Banakhuchor', 24),
(1432, 'Banepa Municipality', 24),
(1433, 'Bekhsimledhartigaun', 24),
(1434, 'Bhimkhori', 24),
(1435, 'Bhumlutar', 24),
(1436, 'Birtadeurali', 24),
(1437, 'Boldefediche', 24),
(1438, 'Budhakhani', 24),
(1439, 'Chalalganeshsthan', 24),
(1440, 'Chandenimandan', 24),
(1441, 'Choubas', 24),
(1442, 'Chyamrangbesi', 24),
(1443, 'Chyasingkharka', 24),
(1444, 'Dandagaun', 24),
(1445, 'Dapchachatraibhanjha', 24),
(1446, 'Daraunepokhari', 24),
(1447, 'Deuvumibaluwa', 24),
(1448, 'Devitar', 24),
(1449, 'Dhulikhel Municipality', 24),
(1450, 'Dhunkharka', 24),
(1451, 'Dhusenisiwalaya', 24),
(1452, 'Dolalghat', 24),
(1453, 'Falatebhumlu', 24),
(1454, 'Falemetar', 24),
(1455, 'Foksingtar', 24),
(1456, 'Gairibisounadeupur', 24),
(1457, 'Ghartichhap', 24),
(1458, 'Gokule', 24),
(1459, 'Gothpani', 24),
(1460, 'Hoksebazar', 24),
(1461, 'Jaisithokmandan', 24),
(1462, 'Jyamdimandan', 24),
(1463, 'Kalatibhumidanda', 24),
(1464, 'Kanpurkalapani', 24),
(1465, 'Kartikedeurali', 24),
(1466, 'Katunjebesi', 24),
(1467, 'Kavrenityachandeswor', 24),
(1468, 'Khaharepangu', 24),
(1469, 'Khanalthok', 24),
(1470, 'Kharelthok', 24),
(1471, 'Kharpachok', 24),
(1472, 'Kolatibhumlu', 24),
(1473, 'Koshidekha', 24),
(1474, 'Kuruwaschapakhori', 24),
(1475, 'Kushadevi', 24),
(1476, 'Machchhegaun', 24),
(1477, 'Madankundari', 24),
(1478, 'Mahadevsthanmandan', 24),
(1479, 'Mahadevtar', 24),
(1480, 'Mahankalchaur', 24),
(1481, 'Mahendrajyoti', 24),
(1482, 'Majhifeda', 24),
(1483, 'Mangaltar', 24),
(1484, 'Mathurapatifulbari', 24),
(1485, 'Methinkot', 24),
(1486, 'Milche', 24),
(1487, 'Nagregagarche', 24),
(1488, 'Nala(Ugrachandi)', 24),
(1489, 'Nasikasthansanga', 24),
(1490, 'Nayagaundeupur', 24),
(1491, 'Panauti Municipality', 24),
(1492, 'Panchkhal', 24),
(1493, 'Patalekhet', 24),
(1494, 'Pokharichauri', 24),
(1495, 'Pokharinarayansthan', 24),
(1496, 'Puranogaundapcha', 24),
(1497, 'Raviopi', 24),
(1498, 'Ryalebhir', 24),
(1499, 'Saldhara', 24),
(1500, 'Sallebhumlu', 24),
(1501, 'Salmechakala(Taldhunga)', 24),
(1502, 'Sankhupatichour', 24),
(1503, 'Sanowangthali', 24),
(1504, 'Saping', 24),
(1505, 'Saradabatase', 24),
(1506, 'Saramthali', 24),
(1507, 'Sarasyunkhark', 24),
(1508, 'Sathigharbhagawati', 24),
(1509, 'Sikharambote', 24),
(1510, 'Simalchoursyampati', 24),
(1511, 'Simthali', 24),
(1512, 'Sipalichilaune', 24),
(1513, 'Sisakhani', 24),
(1514, 'Thuloparsel', 24),
(1515, 'Tukuchanala', 24),
(1516, 'Ugratarajanagal', 24),
(1517, 'Ashrang', 25),
(1518, 'Badikhel', 25),
(1519, 'Bhardev', 25),
(1520, 'Bhattedanda', 25),
(1521, 'Bisankhunarayan', 25),
(1522, 'Bukhel', 25),
(1523, 'Bungamati', 25),
(1524, 'Chandanpur', 25),
(1525, 'Chapagaun', 25),
(1526, 'Chhampi', 25),
(1527, 'Choughare', 25),
(1528, 'Dalchoki', 25),
(1529, 'Devichour', 25),
(1530, 'Dhapakhel', 25),
(1531, 'Dhusel', 25),
(1532, 'Dukuchhap', 25),
(1533, 'Gimdi', 25),
(1534, 'Godamchaur', 25),
(1535, 'Godawari', 25),
(1536, 'Gotikhel', 25),
(1537, 'Harisiddhi', 25),
(1538, 'Ikudol', 25),
(1539, 'Imadol', 25),
(1540, 'Jharuwarasi', 25),
(1541, 'Kaleswor', 25),
(1542, 'Khokana', 25),
(1543, 'Lalitpur Sub Metropolitan City', 25),
(1544, 'Lamatar', 25),
(1545, 'Lele', 25),
(1546, 'Lubhu', 25),
(1547, 'Malta', 25),
(1548, 'Manikhel', 25),
(1549, 'Nallu', 25),
(1550, 'Pyutar', 25),
(1551, 'Sainbu', 25),
(1552, 'Sankhu', 25),
(1553, 'Siddhipur', 25),
(1554, 'Sunakothi', 25),
(1555, 'Thaiba', 25),
(1556, 'Thecho', 25),
(1557, 'Thuladurlung', 25),
(1558, 'Tikathali', 25),
(1559, 'Bageswori', 26),
(1560, 'Balkot', 26),
(1561, 'Bhaktapur Municipality', 26),
(1562, 'Changunarayan', 26),
(1563, 'Chhaling', 26),
(1564, 'Chitapol', 26),
(1565, 'Dadhikot', 26),
(1566, 'Duwakot', 26),
(1567, 'Gundu', 26),
(1568, 'Jhaukhel', 26),
(1569, 'Kautunje', 26),
(1570, 'Madhyapur Thimi Municipality', 26),
(1571, 'Nagarkot', 26),
(1572, 'Nankhel', 26),
(1573, 'Sipadol', 26),
(1574, 'Sirutar', 26),
(1575, 'Sudal', 26),
(1576, 'Tathali', 26),
(1577, 'Aalapot', 27),
(1578, 'Baadbhanjyang', 27),
(1579, 'Bajrayogini(Sankhu)', 27),
(1580, 'Balambu', 27),
(1581, 'Baluwa', 27),
(1582, 'Bhadrabas', 27),
(1583, 'Bhimdhunga', 27),
(1584, 'Budanilkantha', 27),
(1585, 'Chalnakhel', 27),
(1586, 'Chapalibhadrakali', 27),
(1587, 'Chhaimale', 27),
(1588, 'Chouketardahachok', 27),
(1589, 'Chunikhel', 27),
(1590, 'Daanchhi', 27),
(1591, 'Daxinkali', 27),
(1592, 'Dhapasi', 27),
(1593, 'Dharmasthali', 27),
(1594, 'Futung', 27),
(1595, 'Gagalphedi', 27),
(1596, 'Gokarneswor', 27),
(1597, 'Goldhunga', 27),
(1598, 'Gonggabu', 27),
(1599, 'Gothatar', 27),
(1600, 'Ichangnarayan', 27),
(1601, 'Indrayani', 27),
(1602, 'Jhormahankal', 27),
(1603, 'Jitpurphedi', 27),
(1604, 'Jorpati', 27),
(1605, 'Kabhresthali', 27),
(1606, 'Kapan', 27),
(1607, 'Kathmandu Metropolitan City', 27),
(1608, 'Khadkabhadrakali', 27),
(1609, 'Kirtipur Municipality', 27),
(1610, 'Lapsephedi', 27),
(1611, 'Machhegaun', 27),
(1612, 'Mahadevathan', 27),
(1613, 'Mahankal', 27),
(1614, 'Manmaiju', 27),
(1615, 'Matatirtha', 27),
(1616, 'Mulpani', 27),
(1617, 'Naglebhare', 27),
(1618, 'Naikapnayabhanjyang', 27),
(1619, 'Naikappuranobhanjyang', 27),
(1620, 'Nayapati', 27),
(1621, 'Pukhulachhi', 27),
(1622, 'Ramkot', 27),
(1623, 'Sangla', 27),
(1624, 'Satikhel', 27),
(1625, 'Satungal', 27),
(1626, 'Seuchatar', 27),
(1627, 'Sheshnarayan', 27),
(1628, 'Sitapaila', 27),
(1629, 'Sundarijal', 27),
(1630, 'Suntol', 27),
(1631, 'Talkududechour', 27),
(1632, 'Thankot', 27),
(1633, 'Tinthana', 27),
(1634, 'Tokhachandeswori', 27),
(1635, 'Tokhasarswoti', 27),
(1636, 'Bagesworichokade', 28),
(1637, 'Balkumari', 28),
(1638, 'Barsunchet', 28),
(1639, 'Belkot', 28),
(1640, 'Beteni', 28),
(1641, 'Bhadratar', 28),
(1642, 'Bhalche', 28),
(1643, 'Bidur Municipality', 28),
(1644, 'Budhasing', 28),
(1645, 'Bungtang', 28),
(1646, 'Charghare', 28),
(1647, 'Chaturale', 28),
(1648, 'Chaughada', 28),
(1649, 'Chauthe', 28),
(1650, 'Chhap', 28),
(1651, 'Dangsing', 28),
(1652, 'Deurali', 28),
(1653, 'Duipipal', 28),
(1654, 'Fikuri', 28),
(1655, 'Ganeshthan', 28),
(1656, 'Gaunkharka', 28),
(1657, 'Gerkhu', 28),
(1658, 'Ghyangphedi', 28),
(1659, 'Gorsyang', 28),
(1660, 'Jiling', 28),
(1661, 'Kabilas', 28),
(1662, 'Kakani', 28),
(1663, 'Kalikahalde', 28),
(1664, 'Kalyanpur', 28),
(1665, 'Kaule', 28),
(1666, 'Khadagbhanjyang', 28),
(1667, 'Kharanitar', 28),
(1668, 'Kholegaunkhanigaun', 28),
(1669, 'Kintang', 28),
(1670, 'Kumari', 28),
(1671, 'Lachyang', 28),
(1672, 'Likhu', 28),
(1673, 'Madanpur', 28),
(1674, 'Mahakali', 28),
(1675, 'Manakamana', 28),
(1676, 'Narjamandap', 28),
(1677, 'Okharpauwa', 28),
(1678, 'Panchkanya', 28),
(1679, 'Ralukadevi', 28),
(1680, 'Ratmate', 28),
(1681, 'Rautbesi', 28),
(1682, 'Salme', 28),
(1683, 'Samari', 28),
(1684, 'Samundradevi', 28),
(1685, 'Samundratar', 28),
(1686, 'Shikharbesi', 28),
(1687, 'Sikre', 28),
(1688, 'Sundaradevi', 28),
(1689, 'Sunkhani', 28),
(1690, 'Suryamati', 28),
(1691, 'Talakhu', 28),
(1692, 'Taruka', 28),
(1693, 'Thanapati', 28),
(1694, 'Thansing', 28),
(1695, 'Thaprek', 28),
(1696, 'Tupche', 28),
(1697, 'Urleni', 28),
(1698, 'Bhorle', 29),
(1699, 'Bridhim', 29),
(1700, 'Chilime', 29),
(1701, 'Dandagoun', 29),
(1702, 'Dhunche', 29),
(1703, 'Gatlang', 29),
(1704, 'Goljung', 29),
(1705, 'Haku', 29),
(1706, 'Jibjibe(Nilkantha)', 29),
(1707, 'Laharepouwa', 29),
(1708, 'Langtang', 29),
(1709, 'Ramche', 29),
(1710, 'Saramthali', 29),
(1711, 'Syafru', 29),
(1712, 'Thulogoun', 29),
(1713, 'Thuman', 29),
(1714, 'Timure', 29),
(1715, 'Yarsa', 29),
(1716, 'Aginchok', 30),
(1717, 'Baireni', 30),
(1718, 'Baseri', 30),
(1719, 'Benighat', 30),
(1720, 'Bhumesthan', 30),
(1721, 'Budhathum', 30),
(1722, 'Chainpur', 30),
(1723, 'Chhatredyaurali', 30),
(1724, 'Darkha', 30),
(1725, 'Dhola', 30),
(1726, 'Dhussa', 30),
(1727, 'Dhuwakot', 30),
(1728, 'Gajuri', 30),
(1729, 'Goganpani', 30),
(1730, 'Gumdi', 30),
(1731, 'Jeewanpur', 30),
(1732, 'Jharlang', 30),
(1733, 'Jogimara', 30),
(1734, 'Jyamrung', 30),
(1735, 'Kalleri', 30),
(1736, 'Katunje', 30),
(1737, 'Kewalpur', 30),
(1738, 'Khalte', 30),
(1739, 'Khari', 30),
(1740, 'Kiranchok', 30),
(1741, 'Kumpur', 30),
(1742, 'Lapa', 30),
(1743, 'Mahadevsthan', 30),
(1744, 'Maidi', 30),
(1745, 'Marpak', 30),
(1746, 'Mulpani', 30),
(1747, 'Muralibhanjyang', 30),
(1748, 'Nalang', 30),
(1749, 'Naubise', 30),
(1750, 'Nilkantha', 30),
(1751, 'Phulkhark', 30),
(1752, 'Pida', 30),
(1753, 'Reegaun', 30),
(1754, 'Salang', 30),
(1755, 'Salyankot', 30),
(1756, 'Salyantar', 30),
(1757, 'Sangkosh', 30),
(1758, 'Satyadevi', 30),
(1759, 'Semjong', 30),
(1760, 'Sertung', 30),
(1761, 'Sunaulabazar', 30),
(1762, 'Tasarpu', 30),
(1763, 'Thakre', 30),
(1764, 'Tipling', 30),
(1765, 'Tripureswor', 30),
(1766, 'Agara', 31),
(1767, 'Ambhanjyang', 31),
(1768, 'Bajrabarahi', 31),
(1769, 'Basamadi', 31),
(1770, 'Betini', 31),
(1771, 'Bhaise', 31),
(1772, 'Bhartapundyadevi', 31),
(1773, 'Bhimfedi', 31),
(1774, 'Budhichaur', 31),
(1775, 'Chitlang', 31),
(1776, 'Churiyamai', 31),
(1777, 'Daman', 31),
(1778, 'Dandakharka', 31),
(1779, 'Dhimal', 31),
(1780, 'Fakhel', 31),
(1781, 'Faparbari', 31),
(1782, 'Gogane', 31),
(1783, 'Handikhola', 31),
(1784, 'Hatiya', 31),
(1785, 'Hetauda Municipality', 31),
(1786, 'Hurnamadi', 31),
(1787, 'Ipapanchakanya', 31),
(1788, 'Kalikatar', 31),
(1789, 'Kankada', 31),
(1790, 'Khairang', 31),
(1791, 'Kogate', 31),
(1792, 'Kulekhani', 31),
(1793, 'Makwanpurgadhi', 31),
(1794, 'Manahari', 31),
(1795, 'Manthali', 31),
(1796, 'Markhu', 31),
(1797, 'Namtar', 31),
(1798, 'Nibuwatar', 31),
(1799, 'Padampokhari', 31),
(1800, 'Palung', 31),
(1801, 'Raigaun', 31),
(1802, 'Raksirang', 31),
(1803, 'Sarikhetpalase', 31),
(1804, 'Shikharpur', 31),
(1805, 'Shreepurchhatiwan', 31),
(1806, 'Sisnerimahadevsthan', 31),
(1807, 'Sukaura', 31),
(1808, 'Thingan', 31),
(1809, 'Tistungdeurali', 31),
(1810, 'Ajagabi', 32),
(1811, 'Akolawa', 32),
(1812, 'Auraiya', 32),
(1813, 'Badharwa', 32),
(1814, 'Bagahi', 32),
(1815, 'Bahuwamadanpur', 32),
(1816, 'Bairiya', 32),
(1817, 'Banjaraha', 32),
(1818, 'Bariyarpur', 32),
(1819, 'Basantapatti', 32),
(1820, 'Basatpur', 32),
(1821, 'Basbitijingadiya', 32),
(1822, 'Bhalohiya(Pipra)', 32),
(1823, 'Bhediyahi', 32),
(1824, 'Birtiprastoka', 32),
(1825, 'Bishrampur', 32),
(1826, 'Bisunpurwamanpur', 32),
(1827, 'Brahmapuri', 32),
(1828, 'Chandranigahapur', 32),
(1829, 'Debahi', 32),
(1830, 'Dharampur', 32),
(1831, 'Dharhari', 32),
(1832, 'Dipahi', 32),
(1833, 'Dumariya(Matiauna)', 32),
(1834, 'Dumriya(Paroha)', 32),
(1835, 'Fatuhamaheshpur', 32),
(1836, 'Fatuwaharsaha', 32),
(1837, 'Gadhi(Bhanawanpur)', 32),
(1838, 'Gamhariyabirta', 32),
(1839, 'Gamhariyaparsa', 32),
(1840, 'Gangapipara', 32),
(1841, 'Garudabairiya', 32),
(1842, 'Gaur Municipality', 32),
(1843, 'Gedahiguthi', 32),
(1844, 'Hadiryapaltuwa', 32),
(1845, 'Hajminiya', 32),
(1846, 'Hathiyahi', 32),
(1847, 'Iharbarijyutahi', 32),
(1848, 'Inaruwa', 32),
(1849, 'Jatahara', 32),
(1850, 'Jayanagar', 32),
(1851, 'Jethrahiya', 32),
(1852, 'Jhunkhunwa', 32),
(1853, 'Jingadawabelbichwa', 32),
(1854, 'Jowaha(Jokaha)', 32),
(1855, 'Judibela', 32),
(1856, 'Kakanpur', 32),
(1857, 'Karkachkarmaiya', 32),
(1858, 'Karuniya', 32),
(1859, 'Katahariya', 32),
(1860, 'Khesarhiya', 32),
(1861, 'Laxminiya', 32),
(1862, 'Laxmipur(Do)', 32),
(1863, 'Laxmipurbelbichawa', 32),
(1864, 'Lokaha', 32),
(1865, 'Madhopur', 32),
(1866, 'Mahamadpur', 32),
(1867, 'Malahi', 32),
(1868, 'Maryadpur', 32),
(1869, 'Masedawa', 32),
(1870, 'Mathiya', 32),
(1871, 'Matsari', 32),
(1872, 'Mithuawa', 32),
(1873, 'Mudwalawa', 32),
(1874, 'Narkatiyaguthi', 32),
(1875, 'Pacharukhi', 32),
(1876, 'Pataura', 32),
(1877, 'Patharabudharampur', 32),
(1878, 'Paurai', 32),
(1879, 'Piparapokhariya', 32),
(1880, 'Pipariya(Dostiya)', 32),
(1881, 'Pipariya(Paroha)', 32),
(1882, 'Piprabhagwanpur', 32),
(1883, 'Piprarajbara', 32),
(1884, 'Pothiyahi', 32),
(1885, 'Pratappurpaltuwa', 32),
(1886, 'Prempurgunahi', 32),
(1887, 'Raghunathpur', 32),
(1888, 'Rajdevi', 32),
(1889, 'Rajpurfarhadawa', 32),
(1890, 'Rajpurtulsi', 32),
(1891, 'Ramolibairiya', 32),
(1892, 'Rampurkhap', 32),
(1893, 'Rangapur', 32),
(1894, 'Sakhuawa', 32),
(1895, 'Sakhuwadhamaura', 32),
(1896, 'Samanpur', 32),
(1897, 'Sangrampur', 32),
(1898, 'Santapur(Dostiya)', 32),
(1899, 'Santpur(Matiaun)', 32),
(1900, 'Sarmujawa', 32),
(1901, 'Saruatha', 32),
(1902, 'Saunaraniya', 32),
(1903, 'Shitalpurbairgania', 32),
(1904, 'Simarabhawanipur', 32),
(1905, 'Tejapakar', 32),
(1906, 'Tengraha', 32),
(1907, 'Amarpatti', 33),
(1908, 'Amlekhganj', 33),
(1909, 'Amritgang', 33),
(1910, 'Avab', 33),
(1911, 'Babuain', 33),
(1912, 'Bachhanpurwa', 33),
(1913, 'Badakifulbariya', 33),
(1914, 'Bagahi', 33),
(1915, 'Bahuari', 33),
(1916, 'Balirampur', 33),
(1917, 'Bandhuwan', 33),
(1918, 'Banjariya', 33),
(1919, 'Barainiya', 33),
(1920, 'Bariyarpur', 33),
(1921, 'Basantpur', 33),
(1922, 'Batara', 33),
(1923, 'Beldari', 33),
(1924, 'Benauli', 33),
(1925, 'Bhagwanpur', 33),
(1926, 'Bhaluyeearwaliya', 33),
(1927, 'Bharatganjsigaul', 33),
(1928, 'Bhatauda', 33),
(1929, 'Bhodaha', 33),
(1930, 'Bishrampur', 33),
(1931, 'Bishunpur', 33),
(1932, 'Bishunpurwa', 33),
(1933, 'Buniyad', 33),
(1934, 'Chhatapipra', 33),
(1935, 'Chhatawa', 33),
(1936, 'Dahiyar', 33),
(1937, 'Dewapur', 33),
(1938, 'Dharmanagar', 33),
(1939, 'Dohari', 33),
(1940, 'Dumarwana', 33),
(1941, 'Fattepur', 33),
(1942, 'Gadhahal', 33),
(1943, 'Ganjbhawanipur', 33),
(1944, 'Golaganj', 33),
(1945, 'Haraiya', 33),
(1946, 'Hardiya', 33),
(1947, 'Hariharpur', 33),
(1948, 'Inarwamal', 33),
(1949, 'Inarwasira', 33),
(1950, 'Itiyahi', 33),
(1951, 'Jhitakaiya(Dakshin)', 33),
(1952, 'Jhitakaiya(Uttar)', 33),
(1953, 'Jitpurbhawanipur', 33),
(1954, 'Kabahigoth', 33),
(1955, 'Kabahijabdi', 33),
(1956, 'Kachorwa', 33),
(1957, 'Kakadi', 33),
(1958, 'Kalaiya Municipality', 33),
(1959, 'Karaiya', 33),
(1960, 'Khopawa', 33),
(1961, 'Khutwajabdi', 33),
(1962, 'Kolhabi', 33),
(1963, 'Kudawa', 33),
(1964, 'Laxmipurkotwali', 33),
(1965, 'Lipanimal', 33),
(1966, 'Madhurijabdi', 33),
(1967, 'Mahendraadarsha', 33),
(1968, 'Maheshpur', 33),
(1969, 'Majhariya', 33),
(1970, 'Manaharwa', 33),
(1971, 'Matiarwa', 33),
(1972, 'Motisar', 33),
(1973, 'Narahi', 33),
(1974, 'Nijgadh', 33),
(1975, 'Pakadiyachikani', 33),
(1976, 'Paparpatijabdi', 33),
(1977, 'Paterwa', 33),
(1978, 'Patharhati', 33),
(1979, 'Pathera', 33),
(1980, 'Pheta', 33),
(1981, 'Piparasimara', 33),
(1982, 'Piparabirta', 33),
(1983, 'Piparpatiparchrouwa', 33),
(1984, 'Piprabasantapur', 33),
(1985, 'Pipradhigoth', 33),
(1986, 'Prasauni', 33),
(1987, 'Prasona', 33),
(1988, 'Prastoka', 33),
(1989, 'Prasurmpur', 33),
(1990, 'Purainiya', 33),
(1991, 'Raghunathpur', 33),
(1992, 'Rampurtokani', 33),
(1993, 'Rampurwa', 33),
(1994, 'Ratanpuri', 33),
(1995, 'Rauwahi', 33),
(1996, 'Sapahi', 33),
(1997, 'Shreenagarbairiya', 33),
(1998, 'Sihorwa', 33),
(1999, 'Sinhasani', 33),
(2000, 'Sisahaniya', 33),
(2001, 'Tedhakatti', 33),
(2002, 'Telkuwa', 33),
(2003, 'Tetariya', 33),
(2004, 'Uchidiha', 33),
(2005, 'Umarjan', 33),
(2006, 'Alau', 34),
(2007, 'Amarpatti', 34),
(2008, 'Auraha', 34),
(2009, 'Bagahi', 34),
(2010, 'Bagbana', 34),
(2011, 'Bageshwaritirtrona', 34),
(2012, 'Bahauripidari', 34),
(2013, 'Bahuarbamatha', 34),
(2014, 'Basadilwa', 34),
(2015, 'Basantpur', 34),
(2016, 'Belwaparsouni', 34),
(2017, 'Beriyabirta', 34),
(2018, 'Beriyabirta(Wa.Pu.)', 34),
(2019, 'Bhawanipur', 34),
(2020, 'Bhedihari', 34),
(2021, 'Bhisawa', 34),
(2022, 'Bijbaniya', 34),
(2023, 'Bindabasini', 34),
(2024, 'Biranchibarba', 34),
(2025, 'Birganj Sub Metropolitan City', 34),
(2026, 'Birwaguthi', 34),
(2027, 'Bisrampur', 34),
(2028, 'Chorni', 34),
(2029, 'Deukhana', 34),
(2030, 'Dhaubini', 34),
(2031, 'Dhore', 34),
(2032, 'Gadi', 34),
(2033, 'Gamhariya', 34),
(2034, 'Ghoddaudapipra', 34),
(2035, 'Govindapur', 34),
(2036, 'Hariharpur', 34),
(2037, 'Hariharpurbirta', 34),
(2038, 'Harpatagunj', 34),
(2039, 'Harpur', 34),
(2040, 'Jagaranathpursira', 34),
(2041, 'Jaimangalapur', 34),
(2042, 'Janakitala', 34),
(2043, 'Jeetpur', 34),
(2044, 'Jhouwaguthi', 34),
(2045, 'Kauwabankataiya', 34),
(2046, 'Lahawarthakari', 34),
(2047, 'Lakhanpur', 34),
(2048, 'Lalparsa', 34),
(2049, 'Langadi', 34),
(2050, 'Lipanibirta', 34),
(2051, 'Madhubanmathaul', 34),
(2052, 'Mahadevpatti', 34),
(2053, 'Mahuwan', 34),
(2054, 'Mainpur(Pakaha)', 34),
(2055, 'Maniyari', 34),
(2056, 'Masihani', 34),
(2057, 'Mikhampur', 34),
(2058, 'Mirjapur', 34),
(2059, 'Mudali', 34),
(2060, 'Nagardaha', 34),
(2061, 'Nichuta', 34),
(2062, 'Nirmalbasti', 34),
(2063, 'Pancharukhi', 34),
(2064, 'Parsaunibirta', 34),
(2065, 'Parsaunimatha', 34),
(2066, 'Pidariguthi', 34),
(2067, 'Pokhariya', 34),
(2068, 'Prasurampur', 34),
(2069, 'Ramgadhawa', 34),
(2070, 'Ramnagari', 34),
(2071, 'Sabaithawa', 34),
(2072, 'Sakhuwaprasauni', 34),
(2073, 'Samjhauta', 34),
(2074, 'Sankarsaraiya', 34),
(2075, 'Sedhawa', 34),
(2076, 'Shivaworga', 34),
(2077, 'Sirsiyakhalwatola', 34),
(2078, 'Sonbarsa', 34),
(2079, 'Sreesiya(Nau.Ta.Ja.)', 34),
(2080, 'Subarnapur', 34),
(2081, 'Sugaulibirta', 34),
(2082, 'Sugaulipartewa', 34),
(2083, 'Supauli', 34),
(2084, 'Surjaha', 34),
(2085, 'Thori', 34),
(2086, 'Tulasibarba', 34),
(2087, 'Udayapurdhurmi', 34),
(2088, 'Vauratar', 34),
(2089, 'Ayodhyapuri', 35),
(2090, 'Bachhyauli', 35),
(2091, 'Bagauda', 35),
(2092, 'Bhandara', 35),
(2093, 'Bharatpur Municipality', 35),
(2094, 'Birendranagar', 35),
(2095, 'Chainpur', 35),
(2096, 'Chandibhanjyang', 35),
(2097, 'Dahakhani', 35),
(2098, 'Darechok', 35),
(2099, 'Dibyanagar', 35),
(2100, 'Fulbari', 35),
(2101, 'Gardi', 35),
(2102, 'Gitanagar', 35),
(2103, 'Gunjanagar', 35),
(2104, 'Jagatpur', 35),
(2105, 'Jutpani', 35),
(2106, 'Kabilas', 35),
(2107, 'Kathar', 35),
(2108, 'Kaule', 35),
(2109, 'Khairahani', 35),
(2110, 'Korak', 35),
(2111, 'Kumroj', 35),
(2112, 'Lothar', 35),
(2113, 'Madikalyanpur', 35),
(2114, 'Mangalpur', 35),
(2115, 'Meghauli', 35),
(2116, 'Padampur', 35),
(2117, 'Parbatipur', 35),
(2118, 'Patihani', 35),
(2119, 'Piple', 35),
(2120, 'Pithuwa', 35),
(2121, 'Ratnanagar Municipality', 35),
(2122, 'Saradanagar', 35),
(2123, 'Shaktikhor', 35),
(2124, 'Sibanagar', 35),
(2125, 'Siddi', 35),
(2126, 'Sukranagar', 35),
(2127, 'Aanppipal', 36),
(2128, 'Aaruarbang', 36),
(2129, 'Aaruchanuate', 36),
(2130, 'Aarupokhari', 36),
(2131, 'Asrang', 36),
(2132, 'Baguwa', 36),
(2133, 'Bakrang', 36),
(2134, 'Bhirkot', 36),
(2135, 'Bhumlichok', 36),
(2136, 'Bihi', 36),
(2137, 'Borlang', 36),
(2138, 'Bunkot', 36),
(2139, 'Chhaikampar', 36),
(2140, 'Chhoprak', 36),
(2141, 'Chumchet', 36),
(2142, 'Chyngli', 36),
(2143, 'Darbhung', 36),
(2144, 'Deurali', 36),
(2145, 'Dhawa', 36),
(2146, 'Dhuwakot', 36),
(2147, 'Finam', 36),
(2148, 'Fujel', 36),
(2149, 'Gaikhur', 36),
(2150, 'Gakhu', 36),
(2151, 'Ghairung', 36),
(2152, 'Ghyachok', 36),
(2153, 'Ghyalchok', 36),
(2154, 'Gumda', 36),
(2155, 'Hanspur', 36),
(2156, 'Harmhi', 36),
(2157, 'Jaubari', 36),
(2158, 'Kashigaun', 36),
(2159, 'Kerabari', 36),
(2160, 'Kerauja', 36),
(2161, 'Kharibot', 36),
(2162, 'Khoplang', 36),
(2163, 'Laprak', 36),
(2164, 'Lapu', 36),
(2165, 'Lho', 36),
(2166, 'Makaising', 36),
(2167, 'Manakamana', 36),
(2168, 'Manbu', 36),
(2169, 'Masel', 36),
(2170, 'Muchhok', 36),
(2171, 'Namjung', 36),
(2172, 'Nareshwor', 36),
(2173, 'Palumtar', 36),
(2174, 'Panchkhuwadeurali', 36),
(2175, 'Pandrung', 36),
(2176, 'Prithvinarayan Municipality', 36),
(2177, 'Prok', 36),
(2178, 'Samagaun', 36),
(2179, 'Saurpani', 36),
(2180, 'Shreenathkot', 36),
(2181, 'Simjung', 36),
(2182, 'Sirdibas', 36),
(2183, 'Swara', 36),
(2184, 'Taklung', 36),
(2185, 'Takukot', 36),
(2186, 'Takumajhalakuribot', 36),
(2187, 'Tandrang', 36),
(2188, 'Tanglichok', 36),
(2189, 'Taple', 36),
(2190, 'Thalajung', 36),
(2191, 'Thumi', 36),
(2192, 'Uhya', 36),
(2193, 'Warpak', 36),
(2194, 'Archalbot', 37),
(2195, 'Bahundanda', 37),
(2196, 'Bajhakhet', 37),
(2197, 'Balungpani', 37),
(2198, 'Bangre', 37),
(2199, 'Bansar', 37),
(2200, 'Besishahar', 37),
(2201, 'Bhalayakharka', 37),
(2202, 'Bharte', 37),
(2203, 'Bhoje', 37),
(2204, 'Bhorletar', 37),
(2205, 'Bhoteoodar', 37),
(2206, 'Bhujung', 37),
(2207, 'Bhulbhule', 37),
(2208, 'Bichaur', 37),
(2209, 'Chakratirtha', 37),
(2210, 'Chandisthan', 37),
(2211, 'Chandreshwor', 37),
(2212, 'Chiti', 37),
(2213, 'Dhamilikuwa', 37);
INSERT INTO `vdc` (`id`, `name`, `district_id`) VALUES
(2214, 'Dhodeni', 37),
(2215, 'Dhuseni', 37),
(2216, 'Dudhpokhari', 37),
(2217, 'Duradanda', 37),
(2218, 'Faleni', 37),
(2219, 'Gauda', 37),
(2220, 'Gaunshahar', 37),
(2221, 'Ghanpokhara', 37),
(2222, 'Ghermu', 37),
(2223, 'Gilunng', 37),
(2224, 'Hiletaksar', 37),
(2225, 'Ilampokhari', 37),
(2226, 'Isaneshwor', 37),
(2227, 'Jita', 37),
(2228, 'Karapu', 37),
(2229, 'Khudi', 37),
(2230, 'Kolki', 37),
(2231, 'Kunchha', 37),
(2232, 'Maling', 37),
(2233, 'Mohoriyakot', 37),
(2234, 'Nalma', 37),
(2235, 'Nauthar', 37),
(2236, 'Neta', 37),
(2237, 'Pachok', 37),
(2238, 'Parewadada', 37),
(2239, 'Pasagaun', 37),
(2240, 'Puranokot', 37),
(2241, 'Pyarjung', 37),
(2242, 'Ramgha', 37),
(2243, 'Samibhanjyang', 37),
(2244, 'Shreebhanjyang', 37),
(2245, 'Simpani', 37),
(2246, 'Sindure', 37),
(2247, 'Sundarbazar', 37),
(2248, 'Suryapal', 37),
(2249, 'Taghring', 37),
(2250, 'Tandrang(Taksar)', 37),
(2251, 'Tarku', 37),
(2252, 'Tarkughat', 37),
(2253, 'Udipur', 37),
(2254, 'Uttarkanya', 37),
(2255, 'Anbukhaireni', 38),
(2256, 'Arunodaya', 38),
(2257, 'Baidi', 38),
(2258, 'Bandipur', 38),
(2259, 'Barbhanjyang', 38),
(2260, 'Basantapur', 38),
(2261, 'Bhanu', 38),
(2262, 'Bhanumati', 38),
(2263, 'Bhimad', 38),
(2264, 'Bhirkot', 38),
(2265, 'Byas Municipality', 38),
(2266, 'Chhang', 38),
(2267, 'Chhimkeshwori', 38),
(2268, 'Chhipchhipe', 38),
(2269, 'Chokchisapani', 38),
(2270, 'Deurali', 38),
(2271, 'Devghat', 38),
(2272, 'Dharampani', 38),
(2273, 'Dhorfirdi', 38),
(2274, 'Dulegaunda', 38),
(2275, 'Firfire', 38),
(2276, 'Gajarkot', 38),
(2277, 'Ghansikuwa', 38),
(2278, 'Jamunebhanjyang', 38),
(2279, 'Kahushivapur', 38),
(2280, 'Keshavtar', 38),
(2281, 'Khairenitar', 38),
(2282, 'Kihun', 38),
(2283, 'Kota', 38),
(2284, 'Kotdarbar', 38),
(2285, 'Kyamin', 38),
(2286, 'Majhakot', 38),
(2287, 'Manpang', 38),
(2288, 'Pokharibhanjyang', 38),
(2289, 'Purkot', 38),
(2290, 'Raipur', 38),
(2291, 'Ramjakot', 38),
(2292, 'Ranipokhari(Resing)', 38),
(2293, 'Risti', 38),
(2294, 'Rupakot', 38),
(2295, 'Satiswara', 38),
(2296, 'Shambubhagawatipur', 38),
(2297, 'Shymgha', 38),
(2298, 'Sundhara(Ghiring)', 38),
(2299, 'Tanahunsur', 38),
(2300, 'Thaprek', 38),
(2301, 'Virlung', 38),
(2302, 'Alamadevi', 39),
(2303, 'Arjunchaupari', 39),
(2304, 'Aruchaur', 39),
(2305, 'Arukharka', 39),
(2306, 'Bagefatake', 39),
(2307, 'Bahakot', 39),
(2308, 'Benethokdeurali', 39),
(2309, 'Bhatkhola', 39),
(2310, 'Bicharichautara', 39),
(2311, 'Birghaarchale', 39),
(2312, 'Biruwaarchale', 39),
(2313, 'Chandibhanjyang', 39),
(2314, 'Chapakot', 39),
(2315, 'Chhangchhangdi', 39),
(2316, 'Chilaunebas', 39),
(2317, 'Chinnebas', 39),
(2318, 'Chisapani(Magyam)', 39),
(2319, 'Chitrebhanjyang', 39),
(2320, 'Darsingdahathum', 39),
(2321, 'Dhapuksimalbhanjyang', 39),
(2322, 'Faparthum', 39),
(2323, 'Fedikhola', 39),
(2324, 'Jagatbhanjyang', 39),
(2325, 'Jagatradevi', 39),
(2326, 'Kalikakot', 39),
(2327, 'Kaulmabarahachaur', 39),
(2328, 'Kewarebhanjyang', 39),
(2329, 'Khilungdeurali', 39),
(2330, 'Kichnas', 39),
(2331, 'Kuwakot', 39),
(2332, 'Kyakmi', 39),
(2333, 'Majhakotsivalaya', 39),
(2334, 'Malunga', 39),
(2335, 'Malyangkot', 39),
(2336, 'Manakamana', 39),
(2337, 'Nibuwakharka', 39),
(2338, 'Oraste', 39),
(2339, 'Pakwadi', 39),
(2340, 'Panchamul', 39),
(2341, 'Pauwegaude', 39),
(2342, 'Pelakot', 39),
(2343, 'Pelkachaur', 39),
(2344, 'Pidikhola', 39),
(2345, 'Putalibazar Municipality', 39),
(2346, 'Rangvang', 39),
(2347, 'Rapakot', 39),
(2348, 'Ratnapur', 39),
(2349, 'Sakhar', 39),
(2350, 'Sataudarau', 39),
(2351, 'Sekham', 39),
(2352, 'Setidobhan', 39),
(2353, 'Shreekrishnagandaki', 39),
(2354, 'Sirsekot', 39),
(2355, 'Sworek', 39),
(2356, 'Taksar', 39),
(2357, 'Thuladihi', 39),
(2358, 'Thumpokhara', 39),
(2359, 'Tindobate', 39),
(2360, 'Tulsibhanjyang', 39),
(2361, 'Waling Municipality', 39),
(2362, 'Wangsingdeurali', 39),
(2363, 'Yaladi', 39),
(2364, 'Arbavijaya', 40),
(2365, 'Armala', 40),
(2366, 'Bhachok', 40),
(2367, 'Bhadauretamagi', 40),
(2368, 'Bharatpokhari', 40),
(2369, 'Chapakot', 40),
(2370, 'Dangsing', 40),
(2371, 'Deurali', 40),
(2372, 'Dhampus', 40),
(2373, 'Dhikurepokhari', 40),
(2374, 'Dhital', 40),
(2375, 'Ghachok', 40),
(2376, 'Ghandruk', 40),
(2377, 'Hansapur', 40),
(2378, 'Hemaja', 40),
(2379, 'Kahun', 40),
(2380, 'Kalika', 40),
(2381, 'Kaskikot', 40),
(2382, 'Kritinachnechaur', 40),
(2383, 'Lahachok', 40),
(2384, 'Lamachaur', 40),
(2385, 'Lekhnath Municipality', 40),
(2386, 'Lumle', 40),
(2387, 'Lwangghale', 40),
(2388, 'Machhapuchchhre', 40),
(2389, 'Majhthana', 40),
(2390, 'Mauja', 40),
(2391, 'Mijuredada', 40),
(2392, 'Namarjung', 40),
(2393, 'Nirmalpokhari', 40),
(2394, 'Parche', 40),
(2395, 'Pokhara Sub-metropolitan City', 40),
(2396, 'Pumdibhumdi', 40),
(2397, 'Puranchaur', 40),
(2398, 'Reevan', 40),
(2399, 'Rupakot', 40),
(2400, 'Saimarang', 40),
(2401, 'Salyan', 40),
(2402, 'Sarangkot', 40),
(2403, 'Sardikhola', 40),
(2404, 'Siddha', 40),
(2405, 'Sildujure', 40),
(2406, 'Thumakodada', 40),
(2407, 'Thumki', 40),
(2408, 'Valam', 40),
(2409, 'Bhraka', 41),
(2410, 'Chame', 41),
(2411, 'Dharapani', 41),
(2412, 'Fu', 41),
(2413, 'Ghyaru', 41),
(2414, 'Khangsar', 41),
(2415, 'Manang', 41),
(2416, 'Nar', 41),
(2417, 'Nyawal', 41),
(2418, 'Pisang', 41),
(2419, 'Tachibagarchhap', 41),
(2420, 'Tankimanang', 41),
(2421, 'Thoche', 41),
(2422, 'Charang', 42),
(2423, 'Chhonhup', 42),
(2424, 'Chhoser', 42),
(2425, 'Chhusang', 42),
(2426, 'Dhami', 42),
(2427, 'Jhong', 42),
(2428, 'Jomsom', 42),
(2429, 'Kagbeni', 42),
(2430, 'Kowang', 42),
(2431, 'Kunjo', 42),
(2432, 'Lete', 42),
(2433, 'Lomanthang', 42),
(2434, 'Marpha', 42),
(2435, 'Muktinath', 42),
(2436, 'Surkhang', 42),
(2437, 'Tukuche', 42),
(2438, 'Arman', 43),
(2439, 'Arthunge', 43),
(2440, 'Babiyachaur', 43),
(2441, 'Bagarkhola', 43),
(2442, 'Baranja', 43),
(2443, 'Bhakilmi', 43),
(2444, 'Bima', 43),
(2445, 'Chimkhola', 43),
(2446, 'Dagnam', 43),
(2447, 'Dana', 43),
(2448, 'Darwang', 43),
(2449, 'Devisthan', 43),
(2450, 'Dhatan', 43),
(2451, 'Dowa', 43),
(2452, 'Gurjakhani', 43),
(2453, 'Histhanmandali', 43),
(2454, 'Jhin', 43),
(2455, 'Jyamrukot', 43),
(2456, 'Kuhun', 43),
(2457, 'Kuinemangale', 43),
(2458, 'Lulang', 43),
(2459, 'Malkwang', 43),
(2460, 'Marang', 43),
(2461, 'Mudi', 43),
(2462, 'Muna', 43),
(2463, 'Narchyang', 43),
(2464, 'Niskot', 43),
(2465, 'Okharbot', 43),
(2466, 'Pakhapani', 43),
(2467, 'Patlekhet', 43),
(2468, 'Pulachaur', 43),
(2469, 'Rakhubhagawati', 43),
(2470, 'Rakhupiple', 43),
(2471, 'Ramche', 43),
(2472, 'Ratnechaur', 43),
(2473, 'Room', 43),
(2474, 'Shikha', 43),
(2475, 'Singa', 43),
(2476, 'Takam', 43),
(2477, 'Tatopani(Bhurung)', 43),
(2478, 'Arthardadakharka', 44),
(2479, 'Bachchha', 44),
(2480, 'Bahakithanti', 44),
(2481, 'Bajung', 44),
(2482, 'Balakot', 44),
(2483, 'Banou', 44),
(2484, 'Baskharka', 44),
(2485, 'Behulibans', 44),
(2486, 'Bhangara', 44),
(2487, 'Bhoksing', 44),
(2488, 'Bhorle', 44),
(2489, 'Bhuktangle', 44),
(2490, 'Bihadibarachaur', 44),
(2491, 'Bihadiranipani', 44),
(2492, 'Bitalawapipaltari', 44),
(2493, 'Chitre', 44),
(2494, 'Chuwa', 44),
(2495, 'Deupurkot', 44),
(2496, 'Deurali', 44),
(2497, 'Dhairing', 44),
(2498, 'Durlung', 44),
(2499, 'Falamkhani', 44),
(2500, 'Falebasdevisthan', 44),
(2501, 'Fulebaskhanigaun', 44),
(2502, 'Hosrangdi', 44),
(2503, 'Huwas', 44),
(2504, 'Karkineta', 44),
(2505, 'Katuwachaupari', 44),
(2506, 'Khaulalakuri', 44),
(2507, 'Khurkot', 44),
(2508, 'Kurgha', 44),
(2509, 'Kyang', 44),
(2510, 'Lekhfant', 44),
(2511, 'Limithana', 44),
(2512, 'Lunkhudeurali', 44),
(2513, 'Majhphantmallaj', 44),
(2514, 'Mudikuwa', 44),
(2515, 'Nagliwang', 44),
(2516, 'Pakhapani', 44),
(2517, 'Pakuwa', 44),
(2518, 'Pang', 44),
(2519, 'Pangrang', 44),
(2520, 'Ramjadeurali', 44),
(2521, 'Saligram', 44),
(2522, 'Salija', 44),
(2523, 'Saraukhola', 44),
(2524, 'Shankarpokhari', 44),
(2525, 'Shivalaya', 44),
(2526, 'Taklak', 44),
(2527, 'Thanamaulo', 44),
(2528, 'Thapathana', 44),
(2529, 'Thulipokhari', 44),
(2530, 'Tilahar', 44),
(2531, 'Tribeni', 44),
(2532, 'Urampokhara', 44),
(2533, 'Akhikarichaur', 45),
(2534, 'Amalachaur', 45),
(2535, 'Amarbhumi', 45),
(2536, 'Argal', 45),
(2537, 'Arjewa', 45),
(2538, 'Batakachaur', 45),
(2539, 'Bhakunde', 45),
(2540, 'Bhimpokhara', 45),
(2541, 'Bhinggithe', 45),
(2542, 'Bihunkot', 45),
(2543, 'Binamare', 45),
(2544, 'Boharagaun', 45),
(2545, 'Bongadovan', 45),
(2546, 'Bowang', 45),
(2547, 'Burtiwang', 45),
(2548, 'Chhisti', 45),
(2549, 'Dagatundada', 45),
(2550, 'Damek', 45),
(2551, 'Darling', 45),
(2552, 'Devisthan', 45),
(2553, 'Dhamja', 45),
(2554, 'Dhudhilabhati', 45),
(2555, 'Dhullugaidi', 45),
(2556, 'Dhullubaskot', 45),
(2557, 'Gwalichaur', 45),
(2558, 'Harichaur', 45),
(2559, 'Hatiya', 45),
(2560, 'Heel', 45),
(2561, 'Hugdisheer', 45),
(2562, 'Jaljala', 45),
(2563, 'Baglung Municipality', 45),
(2564, 'Kandebas', 45),
(2565, 'Khunga', 45),
(2566, 'Kusmishera', 45),
(2567, 'Lekhani', 45),
(2568, 'Malika', 45),
(2569, 'Malma', 45),
(2570, 'Narayansthan', 45),
(2571, 'Narethanti', 45),
(2572, 'Nisi', 45),
(2573, 'Paiyunpata', 45),
(2574, 'Paiyunthanthap', 45),
(2575, 'Palakot', 45),
(2576, 'Pandavkhani', 45),
(2577, 'Rajkut', 45),
(2578, 'Ranasinkiteni', 45),
(2579, 'Rangkhani', 45),
(2580, 'Rayadanda', 45),
(2581, 'Resh', 45),
(2582, 'Righa', 45),
(2583, 'Salyan', 45),
(2584, 'Sarkuwa', 45),
(2585, 'Singana', 45),
(2586, 'Sisakhani', 45),
(2587, 'Sukhaura', 45),
(2588, 'Sunkhani', 45),
(2589, 'Taman', 45),
(2590, 'Tangram', 45),
(2591, 'Tara', 45),
(2592, 'Tityang', 45),
(2593, 'Aaglung', 46),
(2594, 'Amararbathok', 46),
(2595, 'Amarpur', 46),
(2596, 'Apchaur', 46),
(2597, 'Arbani', 46),
(2598, 'Arje', 46),
(2599, 'Arkhale', 46),
(2600, 'Arkhawang', 46),
(2601, 'Arlangkot', 46),
(2602, 'Aslewa', 46),
(2603, 'Badagaun', 46),
(2604, 'Bajhketeria', 46),
(2605, 'Baletaksar', 46),
(2606, 'Balithum', 46),
(2607, 'Bamgha', 46),
(2608, 'Bharse', 46),
(2609, 'Bhurtung', 46),
(2610, 'Birbas', 46),
(2611, 'Bisukharka', 46),
(2612, 'Chhapahile', 46),
(2613, 'Dalamchaur', 46),
(2614, 'Darbardevisthan', 46),
(2615, 'Darling', 46),
(2616, 'Daungha', 46),
(2617, 'Dhamir', 46),
(2618, 'Dhurkotbastu', 46),
(2619, 'Dhurkotbhanbhane', 46),
(2620, 'Dhurkotnayagaun', 46),
(2621, 'Dhurkotrajasthal', 46),
(2622, 'Digam', 46),
(2623, 'Dirbung', 46),
(2624, 'Dohali', 46),
(2625, 'Dubichaur', 46),
(2626, 'Foksing', 46),
(2627, 'Gaidakot', 46),
(2628, 'Gwadha', 46),
(2629, 'Gwadi', 46),
(2630, 'Hadahade', 46),
(2631, 'Hansara', 46),
(2632, 'Hardineta', 46),
(2633, 'Harewa', 46),
(2634, 'Harmichaur', 46),
(2635, 'Harrachaur', 46),
(2636, 'Hastichaur', 46),
(2637, 'Hawangdi', 46),
(2638, 'Hunga', 46),
(2639, 'Ismarajasthal', 46),
(2640, 'Jaisithok', 46),
(2641, 'Jayakhani', 46),
(2642, 'Johang', 46),
(2643, 'Juniya', 46),
(2644, 'Juvung', 46),
(2645, 'Khadgakot', 46),
(2646, 'Kharjyang', 46),
(2647, 'Kurgha', 46),
(2648, 'Limgha', 46),
(2649, 'Malagiri', 46),
(2650, 'Marbhung', 46),
(2651, 'Musikot', 46),
(2652, 'Myalpokhari', 46),
(2653, 'Neta', 46),
(2654, 'Pallikot', 46),
(2655, 'Paralmi', 46),
(2656, 'Pauchhiamarayee', 46),
(2657, 'Pipaldhara', 46),
(2658, 'Purkotdaha', 46),
(2659, 'Purtighat', 46),
(2660, 'Reemuwa', 46),
(2661, 'Rupakot', 46),
(2662, 'Ruru', 46),
(2663, 'Shantipur', 46),
(2664, 'Simichaur', 46),
(2665, 'Sirseni', 46),
(2666, 'Tamghas', 46),
(2667, 'Thanpati', 46),
(2668, 'Thulolumpek', 46),
(2669, 'Turang', 46),
(2670, 'Wagla', 46),
(2671, 'Wamitaksar', 46),
(2672, 'Archale', 47),
(2673, 'Argali', 47),
(2674, 'Bahadurpur', 47),
(2675, 'Baldengadhi', 47),
(2676, 'Bandipokhara', 47),
(2677, 'Barangdi', 47),
(2678, 'Bhairabsthan', 47),
(2679, 'Bhuwanpokhari', 47),
(2680, 'Birkot', 47),
(2681, 'Bodhapokharathok', 47),
(2682, 'Boudhagumba', 47),
(2683, 'Chappani', 47),
(2684, 'Chhahara', 47),
(2685, 'Chidipani', 47),
(2686, 'Chirtungdhara', 47),
(2687, 'Darchha', 47),
(2688, 'Darlamdanda', 47),
(2689, 'Deurali', 47),
(2690, 'Devinagar', 47),
(2691, 'Dobhan', 47),
(2692, 'Fek', 47),
(2693, 'Foksingkot', 47),
(2694, 'Gadakot', 47),
(2695, 'Galdha', 47),
(2696, 'Gejha', 47),
(2697, 'Gothadi', 47),
(2698, 'Haklang', 47),
(2699, 'Humin', 47),
(2700, 'Hungi', 47),
(2701, 'Jalpa', 47),
(2702, 'Jhadewa', 47),
(2703, 'Jhirubas', 47),
(2704, 'Juthapauwa', 47),
(2705, 'Jyamire', 47),
(2706, 'Kachal', 47),
(2707, 'Kaseni', 47),
(2708, 'Khaliban', 47),
(2709, 'Khanichhap', 47),
(2710, 'Khanigau', 47),
(2711, 'Khasyoli', 47),
(2712, 'Khyaha', 47),
(2713, 'Koldada', 47),
(2714, 'Kusumkhola', 47),
(2715, 'Madanpokhara', 47),
(2716, 'Masyam', 47),
(2717, 'Mityal', 47),
(2718, 'Mujhung', 47),
(2719, 'Nayarnamtales', 47),
(2720, 'Palungmainadi', 47),
(2721, 'Pipaldada', 47),
(2722, 'Pokharathok', 47),
(2723, 'Rahabas', 47),
(2724, 'Rampur', 47),
(2725, 'Ringneraha', 47),
(2726, 'Rupse', 47),
(2727, 'Sahalkot', 47),
(2728, 'Satyawati', 47),
(2729, 'Siddheshwor', 47),
(2730, 'Siluwa', 47),
(2731, 'Somadi', 47),
(2732, 'Tahu', 47),
(2733, 'Tansen Municipality', 47),
(2734, 'Telgha', 47),
(2735, 'Timure', 47),
(2736, 'Wakamalang', 47),
(2737, 'Yamgha', 47),
(2738, 'Agryouli', 48),
(2739, 'Amarapuri', 48),
(2740, 'Amraut', 48),
(2741, 'Badaharadubauliya', 48),
(2742, 'Baidauli', 48),
(2743, 'Banjariya', 48),
(2744, 'Benimanipur', 48),
(2745, 'Bharatipur', 48),
(2746, 'Bhujhawa', 48),
(2747, 'Bulingtar', 48),
(2748, 'Dadajheritadi', 48),
(2749, 'Dawannedevi', 48),
(2750, 'Dedgaun', 48),
(2751, 'Deurali', 48),
(2752, 'Devachuli', 48),
(2753, 'Devagawa', 48),
(2754, 'Dhaubadi', 48),
(2755, 'Dhurkot', 48),
(2756, 'Dibyapuri', 48),
(2757, 'Dumkibas', 48),
(2758, 'Gaidakot', 48),
(2759, 'Gairami', 48),
(2760, 'Guthiparsauni', 48),
(2761, 'Guthisuryapura', 48),
(2762, 'Hakui', 48),
(2763, 'Harpur', 48),
(2764, 'Hupsekot', 48),
(2765, 'Jahada', 48),
(2766, 'Jamuniya', 48),
(2767, 'Jaubari', 48),
(2768, 'Kawaswoti', 48),
(2769, 'Kolhuwa', 48),
(2770, 'Kotathar', 48),
(2771, 'Kudiya', 48),
(2772, 'Kumarwarti', 48),
(2773, 'Kusma', 48),
(2774, 'Mainaghat', 48),
(2775, 'Makar', 48),
(2776, 'Manari', 48),
(2777, 'Mithukaram', 48),
(2778, 'Mukundapur', 48),
(2779, 'Naram', 48),
(2780, 'Narayani', 48),
(2781, 'Narsahi', 48),
(2782, 'Nayabelhani', 48),
(2783, 'Pakalihawa', 48),
(2784, 'Palhi', 48),
(2785, 'Panchanagar', 48),
(2786, 'Parsauni', 48),
(2787, 'Pithauli', 48),
(2788, 'Pragatinagar', 48),
(2789, 'Pratappur', 48),
(2790, 'Rajahar', 48),
(2791, 'Rakachuli', 48),
(2792, 'Rakuwa', 48),
(2793, 'Ramgram Municipality', 48),
(2794, 'Ramnagar', 48),
(2795, 'Rampurkhadauna', 48),
(2796, 'Rampurkha', 48),
(2797, 'Ratanapur', 48),
(2798, 'Ruchang', 48),
(2799, 'Rupauliya', 48),
(2800, 'Sanai', 48),
(2801, 'Sarawal', 48),
(2802, 'Shivmandir', 48),
(2803, 'Somani', 48),
(2804, 'Sukrauli', 48),
(2805, 'Sunwal', 48),
(2806, 'Swathi', 48),
(2807, 'Tamasariya', 48),
(2808, 'Thulokhairatawa', 48),
(2809, 'Tilakpur', 48),
(2810, 'Tribenisusta', 48),
(2811, 'Upalloarkhale', 48),
(2812, 'Aama', 49),
(2813, 'Aanandaban', 49),
(2814, 'Amuwa', 49),
(2815, 'Asurena', 49),
(2816, 'Bagaha', 49),
(2817, 'Bagauli', 49),
(2818, 'Bairghat', 49),
(2819, 'Basantapur', 49),
(2820, 'Betakuiya', 49),
(2821, 'Bhagawanpur', 49),
(2822, 'Bisunpura', 49),
(2823, 'Bodabar', 49),
(2824, 'Bogadi', 49),
(2825, 'Butawal Municipality', 49),
(2826, 'Chhipagada', 49),
(2827, 'Chhotakiramnagar', 49),
(2828, 'Chilhiya', 49),
(2829, 'Dayanagar', 49),
(2830, 'Devadaha', 49),
(2831, 'Dhakadhai', 49),
(2832, 'Dhamauli', 49),
(2833, 'Dudharakchhe', 49),
(2834, 'Ekala', 49),
(2835, 'Farena', 49),
(2836, 'Gajedi', 49),
(2837, 'Gangoliya', 49),
(2838, 'Gonaha', 49),
(2839, 'Harnaiya', 49),
(2840, 'Hatibangai', 49),
(2841, 'Hatipharsatikar', 49),
(2842, 'Jogada', 49),
(2843, 'Kamahariya', 49),
(2844, 'Karahiya', 49),
(2845, 'Karauta', 49),
(2846, 'Kerbani', 49),
(2847, 'Khadawabangai', 49),
(2848, 'Khudabagar', 49),
(2849, 'Lumbini', 49),
(2850, 'Madhbaliya', 49),
(2851, 'Madhuwani', 49),
(2852, 'Mainahiya', 49),
(2853, 'Majhagawa', 49),
(2854, 'Makrahar', 49),
(2855, 'Manmateriya', 49),
(2856, 'Manpakadi', 49),
(2857, 'Maryadpur', 49),
(2858, 'Masina', 49),
(2859, 'Motipur', 49),
(2860, 'Padsari', 49),
(2861, 'Pajarkatti', 49),
(2862, 'Pakadisakron', 49),
(2863, 'Parroha', 49),
(2864, 'Patekhouli', 49),
(2865, 'Pokharvindi', 49),
(2866, 'Rayapur', 49),
(2867, 'Roinihawa', 49),
(2868, 'Rudrapur', 49),
(2869, 'Sadi', 49),
(2870, 'Saljhundi', 49),
(2871, 'Sameramarchwar', 49),
(2872, 'Semalar', 49),
(2873, 'Shankarnagar', 49),
(2874, 'Siddharthanagar Municipality', 49),
(2875, 'Sikatahan', 49),
(2876, 'Silautiya', 49),
(2877, 'Sipawa', 49),
(2878, 'Sourahapharsatikar', 49),
(2879, 'Suryapura', 49),
(2880, 'Tenuhawa', 49),
(2881, 'Thumhawapiprahawa', 49),
(2882, 'Tikuligadh', 49),
(2883, 'Abhirawa', 50),
(2884, 'Ajigara', 50),
(2885, 'Bahadurganj', 50),
(2886, 'Balaramwapur', 50),
(2887, 'Baluhawa', 50),
(2888, 'Banganga', 50),
(2889, 'Baraipur', 50),
(2890, 'Barakulpur', 50),
(2891, 'Basantapur', 50),
(2892, 'Baskhaur', 50),
(2893, 'Bedauli', 50),
(2894, 'Bhagwanpur', 50),
(2895, 'Bhalubari', 50),
(2896, 'Bijuwa', 50),
(2897, 'Birpur', 50),
(2898, 'Bishunpur', 50),
(2899, 'Bithuwa', 50),
(2900, 'Budhi', 50),
(2901, 'Chanai', 50),
(2902, 'Dhankauli', 50),
(2903, 'Dharmpaniya', 50),
(2904, 'Dohani', 50),
(2905, 'Dubiya', 50),
(2906, 'Dumara', 50),
(2907, 'Fulika', 50),
(2908, 'Gajehada', 50),
(2909, 'Ganeshpur', 50),
(2910, 'Gauri', 50),
(2911, 'Gotihawa', 50),
(2912, 'Gugauli', 50),
(2913, 'Haranampur', 50),
(2914, 'Harduona', 50),
(2915, 'Hariharpur', 50),
(2916, 'Hathausa', 50),
(2917, 'Hathihawa', 50),
(2918, 'Jahadi', 50),
(2919, 'Jawabhari', 50),
(2920, 'Jayanagar', 50),
(2921, 'Kajarhawa', 50),
(2922, 'Kapilbastu Municipality', 50),
(2923, 'Khurhuriya', 50),
(2924, 'Kopawa', 50),
(2925, 'Krishnanagar', 50),
(2926, 'Kushhawa', 50),
(2927, 'Labani', 50),
(2928, 'Lalpur', 50),
(2929, 'Maharajganj', 50),
(2930, 'Mahendrakot', 50),
(2931, 'Mahuwa', 50),
(2932, 'Malwar', 50),
(2933, 'Manpur', 50),
(2934, 'Milmi', 50),
(2935, 'Motipur', 50),
(2936, 'Nandanagar', 50),
(2937, 'Nigalihawa', 50),
(2938, 'Pakadi', 50),
(2939, 'Parsohiya', 50),
(2940, 'Patariya', 50),
(2941, 'Patna', 50),
(2942, 'Patthardaihiya', 50),
(2943, 'Pipara', 50),
(2944, 'Purusottampur', 50),
(2945, 'Rajpur', 50),
(2946, 'Ramnagar', 50),
(2947, 'Rangapur', 50),
(2948, 'Sauraha', 50),
(2949, 'Shipanagar', 50),
(2950, 'Shivagadhi', 50),
(2951, 'Shivapur', 50),
(2952, 'Singhkhor', 50),
(2953, 'Sirsihawa', 50),
(2954, 'Sisawa', 50),
(2955, 'Somdiha', 50),
(2956, 'Thunhiya', 50),
(2957, 'Tilaurakot', 50),
(2958, 'Titirkhi', 50),
(2959, 'Udayapur', 50),
(2960, 'Vidhyanagar', 50),
(2961, 'Adguri', 51),
(2962, 'Argha', 51),
(2963, 'Arghatos', 51),
(2964, 'Asurkot', 51),
(2965, 'Balkot', 51),
(2966, 'Bangi', 51),
(2967, 'Bangla', 51),
(2968, 'Bhagawati', 51),
(2969, 'Chhatraganj', 51),
(2970, 'Chidika', 51),
(2971, 'Dhakawang', 51),
(2972, 'Dhanchaur', 51),
(2973, 'Dharapani', 51),
(2974, 'Dhatiwang', 51),
(2975, 'Dhikura', 51),
(2976, 'Dibharna', 51),
(2977, 'Gorkhunga', 51),
(2978, 'Hansapur', 51),
(2979, 'Jukena', 51),
(2980, 'Juluke', 51),
(2981, 'Keemadada', 51),
(2982, 'Kerunga', 51),
(2983, 'Khan', 51),
(2984, 'Khanchikot', 51),
(2985, 'Khandaha', 51),
(2986, 'Khidim', 51),
(2987, 'Khilji', 51),
(2988, 'Maidan', 51),
(2989, 'Mareng', 51),
(2990, 'Narapani', 51),
(2991, 'Nuwakot', 51),
(2992, 'Pali', 51),
(2993, 'Pathauti', 51),
(2994, 'Pathona', 51),
(2995, 'Pokharathok', 51),
(2996, 'Sandhikharka', 51),
(2997, 'Siddhara', 51),
(2998, 'Simalapani', 51),
(2999, 'Sitapur', 51),
(3000, 'Subarnakhal', 51),
(3001, 'Thada', 51),
(3002, 'Thulapokhara', 51),
(3003, 'Arkha', 52),
(3004, 'Badikot', 52),
(3005, 'Bangesal', 52),
(3006, 'Baraula', 52),
(3007, 'Barjiwang', 52),
(3008, 'Belwaspur', 52),
(3009, 'Bhingri', 52),
(3010, 'Bijayanagar', 52),
(3011, 'Bijubar', 52),
(3012, 'Bijuli', 52),
(3013, 'Chuja', 52),
(3014, 'Dakhanwadi', 52),
(3015, 'Damri', 52),
(3016, 'Dangwang', 52),
(3017, 'Dharampani', 52),
(3018, 'Dharmawati', 52),
(3019, 'Dhobaghat(Udayapurkot)', 52),
(3020, 'Dhuwang', 52),
(3021, 'Dungegadi', 52),
(3022, 'Gothiwang', 52),
(3023, 'Hansapur', 52),
(3024, 'Jumrikanda', 52),
(3025, 'Khaira', 52),
(3026, 'Khawang', 52),
(3027, 'Khung', 52),
(3028, 'Kochiwang', 52),
(3029, 'Ligha', 52),
(3030, 'Liwang', 52),
(3031, 'Lung', 52),
(3032, 'Majhakot', 52),
(3033, 'Maranthana', 52),
(3034, 'Markawang', 52),
(3035, 'Narikot', 52),
(3036, 'Nayagaun', 52),
(3037, 'Okharkot', 52),
(3038, 'Pakala', 52),
(3039, 'Phopli', 52),
(3040, 'Puja', 52),
(3041, 'Pythankhalanga', 52),
(3042, 'Rajbara', 52),
(3043, 'Ramdi', 52),
(3044, 'Ruspurkot', 52),
(3045, 'Sari', 52),
(3046, 'Swargadwarikhal', 52),
(3047, 'Syauliwang', 52),
(3048, 'Tiram', 52),
(3049, 'Torwang', 52),
(3050, 'Tusara', 52),
(3051, 'Wangemarot', 52),
(3052, 'Aresh', 53),
(3053, 'Bhawang', 53),
(3054, 'Bhirul', 53),
(3055, 'Budagaun', 53),
(3056, 'Dhawang', 53),
(3057, 'Dubaring', 53),
(3058, 'Dubidanda', 53),
(3059, 'Eriwang', 53),
(3060, 'Fagaam', 53),
(3061, 'Gaam', 53),
(3062, 'Gairigaun', 53),
(3063, 'Gajul', 53),
(3064, 'Ghartigaun', 53),
(3065, 'Ghodagaun', 53),
(3066, 'Gumchal', 53),
(3067, 'Harjang', 53),
(3068, 'Jailwang', 53),
(3069, 'Jaimakasala', 53),
(3070, 'Jankot', 53),
(3071, 'Jaulipokhari', 53),
(3072, 'Jedwang', 53),
(3073, 'Jhenam', 53),
(3074, 'Jinawang', 53),
(3075, 'Jungar', 53),
(3076, 'Kareti', 53),
(3077, 'Khumel', 53),
(3078, 'Khungri', 53),
(3079, 'Korchawang', 53),
(3080, 'Kotgaun', 53),
(3081, 'Kureli', 53),
(3082, 'Liwang', 53),
(3083, 'Masina', 53),
(3084, 'Mijhing', 53),
(3085, 'Nuwagaun', 53),
(3086, 'Pachhawang', 53),
(3087, 'Pakhapani', 53),
(3088, 'Pang', 53),
(3089, 'Rangkot', 53),
(3090, 'Rangsi', 53),
(3091, 'Rank', 53),
(3092, 'Sakhi', 53),
(3093, 'Seram', 53),
(3094, 'Sirpa', 53),
(3095, 'Siuri', 53),
(3096, 'Talawang', 53),
(3097, 'Tewang', 53),
(3098, 'Thawang', 53),
(3099, 'Uwa', 53),
(3100, 'Wadachaur', 53),
(3101, 'Whama', 53),
(3102, 'Wot', 53),
(3103, 'Aathbisdanda', 54),
(3104, 'Aathbiskot', 54),
(3105, 'Arma', 54),
(3106, 'Baflikot', 54),
(3107, 'Bhalakacha', 54),
(3108, 'Chaurjahari', 54),
(3109, 'Chhiwang', 54),
(3110, 'Chokhawang', 54),
(3111, 'Chunwang', 54),
(3112, 'Duli', 54),
(3113, 'Garayala', 54),
(3114, 'Gautamkot', 54),
(3115, 'Ghetma', 54),
(3116, 'Hukam', 54),
(3117, 'Jang', 54),
(3118, 'Jhula', 54),
(3119, 'Kanda', 54),
(3120, 'Kankri', 54),
(3121, 'Khara', 54),
(3122, 'Kholagaun', 54),
(3123, 'Kol', 54),
(3124, 'Kotjahari', 54),
(3125, 'Magma', 54),
(3126, 'Mahat', 54),
(3127, 'Morawang', 54),
(3128, 'Muru', 54),
(3129, 'Musikotkhalanga', 54),
(3130, 'Nuwakot', 54),
(3131, 'Pipal', 54),
(3132, 'Pokhara', 54),
(3133, 'Purtimkanda', 54),
(3134, 'Pwang', 54),
(3135, 'Pyaugha', 54),
(3136, 'Rangsi', 54),
(3137, 'Ranmamaikot', 54),
(3138, 'Rugha', 54),
(3139, 'Sankha', 54),
(3140, 'Simli', 54),
(3141, 'Sisne', 54),
(3142, 'Sobha', 54),
(3143, 'Syalagadi', 54),
(3144, 'Syalapakha', 54),
(3145, 'Taksera', 54),
(3146, 'Badagaun', 55),
(3147, 'Waphukhola', 55),
(3148, 'Bajhkanda', 55),
(3149, 'Bame', 55),
(3150, 'Bhalchaur', 55),
(3151, 'Chadekareni', 55),
(3152, 'Chhayachhetra', 55),
(3153, 'Damachaur', 55),
(3154, 'Dandagaun', 55),
(3155, 'Darmakot', 55),
(3156, 'Devsthal', 55),
(3157, 'Dhanjaripipal', 55),
(3158, 'Dhakadam', 55),
(3159, 'Dhanwang', 55),
(3160, 'Hiwalcha', 55),
(3161, 'Jimali', 55),
(3162, 'Kabhrechaur', 55),
(3163, 'Kajeri', 55),
(3164, 'Kalagaun', 55),
(3165, 'Kalimatikalche', 55),
(3166, 'Kalimatirampur', 55),
(3167, 'Karagithi', 55),
(3168, 'Kavra', 55),
(3169, 'Khalanga', 55),
(3170, 'Korbangjhimpe', 55),
(3171, 'Kotbara', 55),
(3172, 'Kotmola', 55),
(3173, 'Kubhindedaha', 55),
(3174, 'Laksmipur', 55),
(3175, 'Lekhpokhara', 55),
(3176, 'Majhkanda', 55),
(3177, 'Marke', 55),
(3178, 'Marmaparikanda', 55),
(3179, 'Mulkhola', 55),
(3180, 'Nigalchula', 55),
(3181, 'Phalawang', 55),
(3182, 'Pipalneta', 55),
(3183, 'Rim', 55),
(3184, 'Saijuwaltakura', 55),
(3185, 'Sarpanigarpa', 55),
(3186, 'Shivarath', 55),
(3187, 'Siddheshwari', 55),
(3188, 'Sinbang', 55),
(3189, 'Suikot', 55),
(3190, 'Syanikhal', 55),
(3191, 'Tharmare', 55),
(3192, 'Tribeni', 55),
(3193, 'Baghmare', 56),
(3194, 'Bela', 56),
(3195, 'Bijauri', 56),
(3196, 'Chaulahi', 56),
(3197, 'Dhanauri', 56),
(3198, 'Dharna', 56),
(3199, 'Dhikpur', 56),
(3200, 'Duruwa', 56),
(3201, 'Gadhawa', 56),
(3202, 'Gangapraspur', 56),
(3203, 'Gobardiya', 56),
(3204, 'Goltakuri', 56),
(3205, 'Halwar', 56),
(3206, 'Hansipur', 56),
(3207, 'Hapur', 56),
(3208, 'Hekuli', 56),
(3209, 'Kabhre', 56),
(3210, 'Koilabas', 56),
(3211, 'Lalmatiya', 56),
(3212, 'Laxmipur', 56),
(3213, 'Loharpani', 56),
(3214, 'Manpur', 56),
(3215, 'Narayanpur', 56),
(3216, 'Panchakule', 56),
(3217, 'Pawannagar', 56),
(3218, 'Phulbari', 56),
(3219, 'Purandhara', 56),
(3220, 'Rajpur', 56),
(3221, 'Rampur', 56),
(3222, 'Saidha', 56),
(3223, 'Satbariya', 56),
(3224, 'Saudiyar', 56),
(3225, 'Shantinagar', 56),
(3226, 'Shreegaun', 56),
(3227, 'Sisahaniya', 56),
(3228, 'Sonpur', 56),
(3229, 'Syuja', 56),
(3230, 'Tarigaun', 56),
(3231, 'Tribhuwannagar Municipality', 56),
(3232, 'Tulsipur Municipality', 56),
(3233, 'Urahari', 56),
(3234, 'Bageswari', 57),
(3235, 'Banakatawa', 57),
(3236, 'Banakatti', 57),
(3237, 'Basudevapur', 57),
(3238, 'Bejapur', 57),
(3239, 'Belahari', 57),
(3240, 'Belbhar', 57),
(3241, 'Betahani', 57),
(3242, 'Bhawaniyapur', 57),
(3243, 'Binauna', 57),
(3244, 'Chisapani', 57),
(3245, 'Ganapur', 57),
(3246, 'Gangapur', 57),
(3247, 'Hirminiya', 57),
(3248, 'Holiya', 57),
(3249, 'Indarpur', 57),
(3250, 'Jaispur', 57),
(3251, 'Kalaphanta', 57),
(3252, 'Kamdi', 57),
(3253, 'Kanchanapur', 57),
(3254, 'Kathkuiya', 57),
(3255, 'Khajurakhurda', 57),
(3256, 'Khaskarkado', 57),
(3257, 'Khaskusma', 57),
(3258, 'Kohalpur', 57),
(3259, 'Laxmanpur', 57),
(3260, 'Mahadevpuri', 57),
(3261, 'Manikapur', 57),
(3262, 'Matahiya', 57),
(3263, 'Narainapur', 57),
(3264, 'Naubasta', 57),
(3265, 'Nepalganj Municipality', 57),
(3266, 'Paraspur', 57),
(3267, 'Phatepur', 57),
(3268, 'Piparhawa', 57),
(3269, 'Puraina', 57),
(3270, 'Puraini', 57),
(3271, 'Radhapur', 57),
(3272, 'Rajhena', 57),
(3273, 'Raniyapur', 57),
(3274, 'Saigaun', 57),
(3275, 'Samserganj', 57),
(3276, 'Sitapur', 57),
(3277, 'Sonapur', 57),
(3278, 'Titihiriya', 57),
(3279, 'Udarapur', 57),
(3280, 'Udayapur', 57),
(3281, 'Badalpur', 58),
(3282, 'Baganaha', 58),
(3283, 'Baniyabhar', 58),
(3284, 'Belawa', 58),
(3285, 'Bhimapur', 58),
(3286, 'Daulatpur', 58),
(3287, 'Deudakala', 58),
(3288, 'Dhadhawar', 58),
(3289, 'Dhodhari', 58),
(3290, 'Gola', 58),
(3291, 'Gulariya Municipality', 58),
(3292, 'Jamuni', 58),
(3293, 'Kalika', 58),
(3294, 'Khairichandanpur', 58),
(3295, 'Magaragadi', 58),
(3296, 'Mahamadpur', 58),
(3297, 'Manpurmainapokhar', 58),
(3298, 'Manau', 58),
(3299, 'Manpurtapara', 58),
(3300, 'Motipur', 58),
(3301, 'Nayagaun', 58),
(3302, 'Neulapur', 58),
(3303, 'Padanaha', 58),
(3304, 'Pasupatinagar', 58),
(3305, 'Patabhar', 58),
(3306, 'Rajapur', 58),
(3307, 'Sanashree', 58),
(3308, 'Sivapur', 58),
(3309, 'Sorhawa', 58),
(3310, 'Suryapatawa', 58),
(3311, 'Taratal', 58),
(3312, 'Thakudwara', 58),
(3313, 'Agragaun', 59),
(3314, 'Awalching', 59),
(3315, 'Babiyachaur', 59),
(3316, 'Bajedichaur', 59),
(3317, 'Betan', 59),
(3318, 'Bidyapur', 59),
(3319, 'Bijaura', 59),
(3320, 'Birendranagar Municipality', 59),
(3321, 'Chapre', 59),
(3322, 'Chhinchu', 59),
(3323, 'Dahachaur', 59),
(3324, 'Dandakhali', 59),
(3325, 'Dasarathpur', 59),
(3326, 'Dharapani', 59),
(3327, 'Gadibayalkada', 59),
(3328, 'Garpan', 59),
(3329, 'Ghatgaun', 59),
(3330, 'Ghoreta', 59),
(3331, 'Ghumkhahare', 59),
(3332, 'Gumi', 59),
(3333, 'Guthu', 59),
(3334, 'Hariharpur', 59),
(3335, 'Jarbuta', 59),
(3336, 'Kafalkot', 59),
(3337, 'Kalyan', 59),
(3338, 'Kaprichaur', 59),
(3339, 'Khanikholla', 59),
(3340, 'Kunathari', 59),
(3341, 'Lagaam', 59),
(3342, 'Latikoili', 59),
(3343, 'Lekhfarsa', 59),
(3344, 'Lekhgaun', 59),
(3345, 'Lekhparajul', 59),
(3346, 'Maintada', 59),
(3347, 'Malarani', 59),
(3348, 'Matela', 59),
(3349, 'Mehelkuna', 59),
(3350, 'Neta', 59),
(3351, 'Pamka', 59),
(3352, 'Pokharikanda', 59),
(3353, 'Rajena', 59),
(3354, 'Rakam', 59),
(3355, 'Ramghat', 59),
(3356, 'Ranibas', 59),
(3357, 'Ratu', 59),
(3358, 'Sahare', 59),
(3359, 'Salkot', 59),
(3360, 'Satakhani', 59),
(3361, 'Taranga', 59),
(3362, 'Tatopani', 59),
(3363, 'Uttarganga', 59),
(3364, 'Awalparajul', 60),
(3365, 'Badabhairab', 60),
(3366, 'Badakhola', 60),
(3367, 'Badalamji', 60),
(3368, 'Baluwatar', 60),
(3369, 'Bansi', 60),
(3370, 'Baraha', 60),
(3371, 'Belpata', 60),
(3372, 'Bhawani', 60),
(3373, 'Bindhyabasini', 60),
(3374, 'Bisalla', 60),
(3375, 'Chamunda', 60),
(3376, 'Chauratha', 60),
(3377, 'Dadaparajul', 60),
(3378, 'Dullu', 60),
(3379, 'Gamaudi', 60),
(3380, 'Gauri', 60),
(3381, 'Goganpani', 60),
(3382, 'Jaganath', 60),
(3383, 'Jambukandh', 60),
(3384, 'Kalbhairab', 60),
(3385, 'Kalika', 60),
(3386, 'Kasikandh', 60),
(3387, 'Katti', 60),
(3388, 'Khadkawada', 60),
(3389, 'Kharigera', 60),
(3390, 'Kusapani', 60),
(3391, 'Lakandra', 60),
(3392, 'Lakuri', 60),
(3393, 'Lalikanda', 60),
(3394, 'Lyatibindraseni', 60),
(3395, 'Mairikalikathum', 60),
(3396, 'Malika', 60),
(3397, 'Moheltolee', 60),
(3398, 'Narayan Municipality', 60),
(3399, 'Naulekatuwal', 60),
(3400, 'Nepa', 60),
(3401, 'Nomule', 60),
(3402, 'Odhari', 60),
(3403, 'Padukasthan', 60),
(3404, 'Pagnath', 60),
(3405, 'Piladi', 60),
(3406, 'Pipalkot', 60),
(3407, 'Pusakotchiudi', 60),
(3408, 'Rakamkarnali', 60),
(3409, 'Raniban', 60),
(3410, 'Rawatkot', 60),
(3411, 'Room', 60),
(3412, 'Salleri', 60),
(3413, 'Santalla', 60),
(3414, 'Seri', 60),
(3415, 'Sigaudi', 60),
(3416, 'Sinhasain', 60),
(3417, 'Tilepata', 60),
(3418, 'Toli', 60),
(3419, 'Tolijaisi', 60),
(3420, 'Archhani', 61),
(3421, 'Bhagawatitol', 61),
(3422, 'Bhoor', 61),
(3423, 'Daha', 61),
(3424, 'Dandagaun', 61),
(3425, 'Dasera', 61),
(3426, 'Dhime', 61),
(3427, 'Garkhakot', 61),
(3428, 'Jagatipur', 61),
(3429, 'Jhapra', 61),
(3430, 'Jungathapachaur', 61),
(3431, 'Karkigaun', 61),
(3432, 'Khagenkot', 61),
(3433, 'Khalanga', 61),
(3434, 'Kortrang', 61),
(3435, 'Lahai', 61),
(3436, 'Majhakot', 61),
(3437, 'Nayakwada', 61),
(3438, 'Paink', 61),
(3439, 'Pajaru', 61),
(3440, 'Punama', 61),
(3441, 'Ragda', 61),
(3442, 'Ramidanda', 61),
(3443, 'Rokayagaun', 61),
(3444, 'Sakala', 61),
(3445, 'Salma', 61),
(3446, 'Sima', 61),
(3447, 'Suwanauli', 61),
(3448, 'Talegaun', 61),
(3449, 'Thalaraikar', 61),
(3450, 'Bhijer', 62),
(3451, 'Chharka', 62),
(3452, 'Dho', 62),
(3453, 'Dunai', 62),
(3454, 'Jufal', 62),
(3455, 'Kaigaun', 62),
(3456, 'Kalika', 62),
(3457, 'Lawan', 62),
(3458, 'Laha', 62),
(3459, 'Likhu', 62),
(3460, 'Majhfal', 62),
(3461, 'Mukot', 62),
(3462, 'Narku', 62),
(3463, 'Pahada', 62),
(3464, 'Phoksundo', 62),
(3465, 'Raha', 62),
(3466, 'Rimi', 62),
(3467, 'Sahartara', 62),
(3468, 'Saldang', 62),
(3469, 'Sarmi', 62),
(3470, 'Suhun', 62),
(3471, 'Tinje', 62),
(3472, 'Tripurakot', 62),
(3473, 'Badki', 63),
(3474, 'Birat', 63),
(3475, 'Buvramadichaur', 63),
(3476, 'Chandannath', 63),
(3477, 'Chhumchaur', 63),
(3478, 'Depalgaun', 63),
(3479, 'Dhapa', 63),
(3480, 'Dillichaur', 63),
(3481, 'Garjyangkot', 63),
(3482, 'Ghodemahadev', 63),
(3483, 'Guthichaur', 63),
(3484, 'Haku', 63),
(3485, 'Kalikakhetu', 63),
(3486, 'Kanakasundari', 63),
(3487, 'Kartikswami', 63),
(3488, 'Kudari', 63),
(3489, 'Labhra', 63),
(3490, 'Lihi(Rara)', 63),
(3491, 'Mahabepattharkhola', 63),
(3492, 'Mahatgaun', 63),
(3493, 'Malikabota', 63),
(3494, 'Malikathota', 63),
(3495, 'Narakot', 63),
(3496, 'Pandawagufa', 63),
(3497, 'Patarasi', 63),
(3498, 'Patmara', 63),
(3499, 'Sanigaun', 63),
(3500, 'Talium', 63),
(3501, 'Tamti', 63),
(3502, 'Tatopani', 63),
(3503, 'Badalkot', 64),
(3504, 'Chhapre', 64),
(3505, 'Chilkhaya', 64),
(3506, 'Daha', 64),
(3507, 'Dholagoh', 64),
(3508, 'Gela', 64),
(3509, 'Jubika', 64),
(3510, 'Khin', 64),
(3511, 'Kotbada', 64),
(3512, 'Kumalgaun', 64),
(3513, 'Lalu', 64),
(3514, 'Malkot', 64),
(3515, 'Manma', 64),
(3516, 'Marta', 64),
(3517, 'Mehalmudi', 64),
(3518, 'Mugraha', 64),
(3519, 'Mumra', 64),
(3520, 'Nanikot', 64),
(3521, 'Odanaku', 64),
(3522, 'Pakha', 64),
(3523, 'Phui Mahadev', 64),
(3524, 'Phukot', 64),
(3525, 'Ranku', 64),
(3526, 'Ramnakot', 64),
(3527, 'Ranchuli', 64),
(3528, 'Rupsa', 64),
(3529, 'Sipkhana', 64),
(3530, 'Syuna', 64),
(3531, 'Sukatiya', 64),
(3532, 'Thirpu', 64),
(3533, 'Bhiyee', 65),
(3534, 'Dhainakot', 65),
(3535, 'Dolphu', 65),
(3536, 'Gumtha', 65),
(3537, 'Hyanglu', 65),
(3538, 'Jima', 65),
(3539, 'Karkibada', 65),
(3540, 'Kimari', 65),
(3541, 'Kotdanda', 65),
(3542, 'Mangri', 65),
(3543, 'Mugu', 65),
(3544, 'Natharpu', 65),
(3545, 'Photu', 65),
(3546, 'Pina', 65),
(3547, 'Pulu', 65),
(3548, 'Rara(Gilas)', 65),
(3549, 'Rarakalai', 65),
(3550, 'Rowa', 65),
(3551, 'Ruga', 65),
(3552, 'Khaumale', 65),
(3553, 'Seri', 65),
(3554, 'Shrikot', 65),
(3555, 'Shreenagar', 65),
(3556, 'Sukhadhik', 65),
(3557, 'Baraigaun', 66),
(3558, 'Bargaun', 66),
(3559, 'Chhipra', 66),
(3560, 'Dandafaya', 66),
(3561, 'Darma', 66),
(3562, 'Gothi', 66),
(3563, 'Hepka', 66),
(3564, 'Jair', 66),
(3565, 'Kalika', 66),
(3566, 'Khagalgaun', 66),
(3567, 'Kharpunath', 66),
(3568, 'Lali', 66),
(3569, 'Limi', 66),
(3570, 'Madana', 66),
(3571, 'Maila', 66),
(3572, 'Melchham', 66),
(3573, 'Mimi', 66),
(3574, 'Muchu', 66),
(3575, 'Raya', 66),
(3576, 'Rodikot', 66),
(3577, 'Sarkeedeu', 66),
(3578, 'Saya(Sama)', 66),
(3579, 'Shreenagar', 66),
(3580, 'Shreemastha', 66),
(3581, 'Simikot', 66),
(3582, 'Syada', 66),
(3583, 'Thehe', 66),
(3584, 'Atichaur', 67),
(3585, 'Baddhu', 67),
(3586, 'Bai', 67),
(3587, 'Barhabise', 67),
(3588, 'Bichhaiyan', 67),
(3589, 'Bramhatola', 67),
(3590, 'Budhiganga', 67),
(3591, 'Chhatara', 67),
(3592, 'Dahakot', 67),
(3593, 'Dogadi', 67),
(3594, 'Gotree', 67),
(3595, 'Gudukhati', 67),
(3596, 'Jagannath', 67),
(3597, 'Jayabageswori', 67),
(3598, 'Jugada', 67),
(3599, 'Jukot', 67),
(3600, 'Kailashmandau', 67),
(3601, 'Kanda', 67),
(3602, 'Kolti', 67),
(3603, 'Kotila', 67),
(3604, 'Kuldeumadau', 67),
(3605, 'Manakot', 67),
(3606, 'Martadi', 67),
(3607, 'Pandusain', 67),
(3608, 'Rugin', 67),
(3609, 'Sapata', 67),
(3610, 'Tolidewal', 67),
(3611, 'Banjh', 68),
(3612, 'Bhairabanath', 68),
(3613, 'Bhamchaur', 68),
(3614, 'Bhatekhola', 68),
(3615, 'Byasi', 68),
(3616, 'Chainpur', 68),
(3617, 'Chaudhari', 68),
(3618, 'Dahabagar', 68),
(3619, 'Dangaji', 68),
(3620, 'Dantola', 68),
(3621, 'Daulichaur', 68),
(3622, 'Deulekh', 68),
(3623, 'Deulikot', 68),
(3624, 'Dhamena', 68),
(3625, 'Gadaraya', 68),
(3626, 'Hemantabada', 68),
(3627, 'Kadel', 68),
(3628, 'Kailash', 68),
(3629, 'Kalukheti', 68),
(3630, 'Kanda', 68),
(3631, 'Kaphalaseri', 68),
(3632, 'Khiratadi', 68),
(3633, 'Koiralakot', 68),
(3634, 'Kotbhairab', 68),
(3635, 'Kotdewal', 68),
(3636, 'Lamatola', 68),
(3637, 'Lekhgau', 68),
(3638, 'Luyanta', 68),
(3639, 'Majhigau', 68),
(3640, 'Malumela', 68),
(3641, 'Mashdev', 68),
(3642, 'Matela', 68),
(3643, 'Maulali', 68),
(3644, 'Melbisauni', 68),
(3645, 'Parakatne', 68),
(3646, 'Patadewal', 68),
(3647, 'Pauwagadhi', 68),
(3648, 'Pipalkot', 68),
(3649, 'Rayal', 68),
(3650, 'Rilu', 68),
(3651, 'Rithapata', 68),
(3652, 'Sainpasela', 68),
(3653, 'Subeda', 68),
(3654, 'Sunikot', 68),
(3655, 'Sunkuda', 68),
(3656, 'Surma', 68),
(3657, 'Syandi', 68),
(3658, 'Babala', 69),
(3659, 'Baijinath', 69),
(3660, 'Bannatoli', 69),
(3661, 'Baradadivi', 69),
(3662, 'Basti', 69),
(3663, 'Batulasen', 69),
(3664, 'Bayala', 69),
(3665, 'Bhagyaswori', 69),
(3666, 'Bhairabsthan', 69),
(3667, 'Bhatakatiya', 69),
(3668, 'Bhuli', 69),
(3669, 'Binayak', 69),
(3670, 'Bindhyawasini', 69),
(3671, 'Birpath', 69),
(3672, 'Budhakot', 69),
(3673, 'Chalsa', 69),
(3674, 'Chandika(Bayalpata)', 69),
(3675, 'Chaphamandau', 69),
(3676, 'Darna', 69),
(3677, 'Devisthan', 69),
(3678, 'Dhakari', 69),
(3679, 'Dhaku', 69),
(3680, 'Dhamali', 69),
(3681, 'Dhodasain', 69),
(3682, 'Dhudharukot', 69),
(3683, 'Dhungachalna', 69),
(3684, 'Duni', 69),
(3685, 'Gajara', 69),
(3686, 'Hatikot', 69),
(3687, 'Hichma', 69),
(3688, 'Jalapadevi', 69),
(3689, 'Janalibandali', 69),
(3690, 'Janalikot', 69),
(3691, 'Jupu', 69),
(3692, 'Kalagau', 69),
(3693, 'Kalekanda', 69),
(3694, 'Kalika', 69),
(3695, 'Kalikasthan', 69),
(3696, 'Khaptad', 69),
(3697, 'Khodasadevi', 69),
(3698, 'Kuika', 69),
(3699, 'Kuntibandali', 69),
(3700, 'Kushkot', 69),
(3701, 'Layati', 69),
(3702, 'Lungra', 69),
(3703, 'Malatikot', 69),
(3704, 'Mangalsen', 69),
(3705, 'Marku', 69),
(3706, 'Mashtanamdali', 69),
(3707, 'Mastamandau', 69),
(3708, 'Nada', 69),
(3709, 'Nandegada', 69),
(3710, 'Nawathana', 69),
(3711, 'Oligau', 69),
(3712, 'Patalkot', 69),
(3713, 'Payal', 69),
(3714, 'Pulletala', 69),
(3715, 'Rahaph', 69),
(3716, 'Ramarosan', 69),
(3717, 'Raniban', 69),
(3718, 'Ridikot', 69),
(3719, 'Risidaha', 69),
(3720, 'Santada', 69),
(3721, 'Sera', 69),
(3722, 'Siddheswor', 69),
(3723, 'Siudi', 69),
(3724, 'Soukat', 69),
(3725, 'Sutar', 69),
(3726, 'Thanti', 69),
(3727, 'Timilsain', 69),
(3728, 'Toli', 69),
(3729, 'Tosi', 69),
(3730, 'Turmakhad', 69),
(3731, 'Walant', 69),
(3732, 'Warla', 69),
(3733, 'Banjakakani', 70),
(3734, 'Banlek', 70),
(3735, 'Barchhen', 70),
(3736, 'Basudevi', 70),
(3737, 'Bhumirajmadau', 70),
(3738, 'Chawarachautara', 70),
(3739, 'Chhapali', 70),
(3740, 'Chhatiwan', 70),
(3741, 'Dahakalikasthan', 70),
(3742, 'Daud', 70),
(3743, 'Dhanglagau', 70),
(3744, 'Dhirkamandau', 70),
(3745, 'Dipayal Silgadhi Municipality', 70),
(3746, 'Durgamadau', 70),
(3747, 'Gadasera', 70),
(3748, 'Gaguda', 70),
(3749, 'Gaihragau', 70),
(3750, 'Ganjari', 70),
(3751, 'Ghanteswor', 70),
(3752, 'Girichauka', 70),
(3753, 'Jijodamandau', 70),
(3754, 'Kadamadaun', 70),
(3755, 'Kalena', 70),
(3756, 'Kalikasthan', 70),
(3757, 'Kanachaur', 70),
(3758, 'Kapalleki', 70),
(3759, 'Kedarakhada', 70),
(3760, 'Khatiwada', 70),
(3761, 'Khirsain', 70),
(3762, 'Ladagada', 70),
(3763, 'Lamikhal', 70),
(3764, 'Lanakedareswor', 70),
(3765, 'Latamandau', 70),
(3766, 'Laxminagar', 70),
(3767, 'Mahadevsthan', 70),
(3768, 'Mannakapadi', 70),
(3769, 'Mudabhara', 70),
(3770, 'Mudhegau', 70),
(3771, 'Nirauli', 70),
(3772, 'Pachanali', 70),
(3773, 'Pokhari', 70),
(3774, 'Ranagau', 70),
(3775, 'Sanagau', 70),
(3776, 'Saraswotinagar', 70),
(3777, 'Satphari', 70),
(3778, 'Simchaur', 70),
(3779, 'Tijali', 70),
(3780, 'Tikhatar', 70),
(3781, 'Toleni', 70),
(3782, 'Wagalek', 70),
(3783, 'Warpata', 70),
(3784, 'Baliya', 71),
(3785, 'Basauti', 71),
(3786, 'Beladevipur', 71),
(3787, 'Bhajani', 71),
(3788, 'Boniya', 71),
(3789, 'Chauha', 71),
(3790, 'Chaumala', 71),
(3791, 'Dansinhapur', 71),
(3792, 'Darakh', 71),
(3793, 'Dhangadi Municipality', 71),
(3794, 'Dododhara', 71),
(3795, 'Durgauli', 71),
(3796, 'Gadariya', 71),
(3797, 'Geta', 71),
(3798, 'Godawari', 71),
(3799, 'Hasuliya', 71),
(3800, 'Janakinagar', 71),
(3801, 'Joshipur', 71),
(3802, 'Khailad', 71),
(3803, 'Khairala', 71),
(3804, 'Kotatulsipur', 71),
(3805, 'Lalbojhi', 71),
(3806, 'Malakheti', 71),
(3807, 'Masuriya', 71),
(3808, 'Mohanyal', 71),
(3809, 'Munuwa', 71),
(3810, 'Narayanpur', 71),
(3811, 'Nigali', 71),
(3812, 'Pahalmanpur', 71),
(3813, 'Pandaun', 71),
(3814, 'Pathariya', 71),
(3815, 'Pawera', 71),
(3816, 'Phulwari', 71),
(3817, 'Pratapapur', 71),
(3818, 'Ramsikharjhala', 71),
(3819, 'Ratanpur', 71),
(3820, 'Sadepani', 71),
(3821, 'Sahajpur', 71),
(3822, 'Sreepur', 71),
(3823, 'Sugarkhal', 71),
(3824, 'Thapapur', 71),
(3825, 'Tikapur Municipality', 71),
(3826, 'Udasipur', 71),
(3827, 'Urma', 71),
(3828, 'Baisibichawa', 72),
(3829, 'Beldandi', 72),
(3830, 'Chandani', 72),
(3831, 'Daijee', 72),
(3832, 'Dekhatbhuli', 72),
(3833, 'Dodhara', 72),
(3834, 'Jhalari', 72),
(3835, 'Kalika', 72),
(3836, 'Krishnapur', 72),
(3837, 'Laxmipur', 72),
(3838, 'Mahendranagar Municipality', 72),
(3839, 'Parasan', 72),
(3840, 'Pipaladi', 72),
(3841, 'Raikawarbichawa', 72),
(3842, 'Rampurbilaspur', 72),
(3843, 'Rautelibichawa', 72),
(3844, 'Sankarpur', 72),
(3845, 'Sreepur', 72),
(3846, 'Suda', 72),
(3847, 'Tribhuwanbast', 72),
(3848, 'Ajayameru', 73),
(3849, 'Alital', 73),
(3850, 'Amargadhi Municipality', 73),
(3851, 'Ashigram', 73),
(3852, 'Bagarkot', 73),
(3853, 'Belapur', 73),
(3854, 'Bhadrapur', 73),
(3855, 'Bhageswor', 73),
(3856, 'Chipur', 73),
(3857, 'Dewaldibyapur', 73),
(3858, 'Ganeshpur', 73),
(3859, 'Gankhet', 73),
(3860, 'Jogbuda', 73),
(3861, 'Kailapalamandau', 73),
(3862, 'Koteli', 73),
(3863, 'Manilek', 73),
(3864, 'Mashtamandau', 73),
(3865, 'Nawadurga', 73),
(3866, 'Rupal', 73),
(3867, 'Samejee', 73),
(3868, 'Sirsha', 73),
(3869, 'Amchaur', 74),
(3870, 'Basantapur', 74),
(3871, 'Basuling', 74),
(3872, 'Bhatana', 74),
(3873, 'Bhumeswor', 74),
(3874, 'Bijayapur', 74),
(3875, 'Bilashpur', 74),
(3876, 'Bumiraj', 74),
(3877, 'Chaukham', 74),
(3878, 'Dasharathchand Municipality', 74),
(3879, 'Dehimandau', 74),
(3880, 'Deulek', 74),
(3881, 'Dhikarim/Rim', 74),
(3882, 'Dhikasintad/Sitad', 74),
(3883, 'Dhungad', 74),
(3884, 'Dilasaini', 74),
(3885, 'Durgabhabani', 74),
(3886, 'Durgasthan', 74),
(3887, 'Gajari', 74),
(3888, 'Giregada', 74),
(3889, 'Gokuleswor', 74),
(3890, 'Gujar', 74),
(3891, 'Gurukhola', 74),
(3892, 'Gwallek', 74),
(3893, 'Hat', 74),
(3894, 'Hatraj', 74),
(3895, 'Kaipal', 74),
(3896, 'Kataujpani', 74),
(3897, 'Kotila', 74),
(3898, 'Kotpetara', 74),
(3899, 'Kulau', 74),
(3900, 'Kuwakot', 74),
(3901, 'Mahadevsthan', 74),
(3902, 'Mahakali', 74),
(3903, 'Maharudra', 74),
(3904, 'Malladehi', 74),
(3905, 'Mathairaj', 74),
(3906, 'Maunali', 74),
(3907, 'Melauli', 74),
(3908, 'Nagarjun', 74),
(3909, 'Nwadeu', 74),
(3910, 'Nwali', 74),
(3911, 'Pancheswor', 74),
(3912, 'Patan', 74),
(3913, 'Raudidewal', 74),
(3914, 'Rauleswor', 74),
(3915, 'Rudreswor', 74),
(3916, 'Sakar', 74),
(3917, 'Salena', 74),
(3918, 'Sarmali', 74),
(3919, 'Shankarpur', 74),
(3920, 'Shibanath', 74),
(3921, 'Shikharpur', 74),
(3922, 'Shivaling', 74),
(3923, 'Siddhapur', 74),
(3924, 'Siddheswor', 74),
(3925, 'Sikash', 74),
(3926, 'Silanga', 74),
(3927, 'Sreekedar', 74),
(3928, 'Sreekot', 74),
(3929, 'Talladehi', 74),
(3930, 'Thalakanda', 74),
(3931, 'Udayadeb', 74),
(3932, 'Bhagabati', 75),
(3933, 'Boharigau', 75),
(3934, 'Bramhadev', 75),
(3935, 'Byash', 75),
(3936, 'Chhapari', 75),
(3937, 'Dadakot', 75),
(3938, 'Dattu', 75),
(3939, 'Dethala', 75),
(3940, 'Dhap', 75),
(3941, 'Dhari', 75),
(3942, 'Dhaulakot', 75),
(3943, 'Dhuligada', 75),
(3944, 'Eyarkot', 75),
(3945, 'Ghusa', 75),
(3946, 'Gokuleswor', 75),
(3947, 'Guljar', 75),
(3948, 'Gwani', 75),
(3949, 'Hikila', 75),
(3950, 'Hunainath', 75),
(3951, 'Huti', 75),
(3952, 'Kante', 75),
(3953, 'Khalanga', 75),
(3954, 'Khandeswori', 75),
(3955, 'Khar', 75),
(3956, 'Kharkada', 75),
(3957, 'Lali', 75),
(3958, 'Latinath', 75),
(3959, 'Malikarjun', 75),
(3960, 'Pipalchauri', 75),
(3961, 'Ranisikhar', 75),
(3962, 'Rapla', 75),
(3963, 'Rithachaupata', 75),
(3964, 'Sankarpur', 75),
(3965, 'Seri', 75),
(3966, 'Sharmauli', 75),
(3967, 'Sikhar', 75),
(3968, 'Sipti', 75),
(3969, 'Sitaula', 75),
(3970, 'Sunsera', 75),
(3971, 'Tapoban', 75),
(3972, 'Uku', 75);

-- --------------------------------------------------------

--
-- Table structure for table `zones`
--

CREATE TABLE `zones` (
  `id` int(11) NOT NULL,
  `name` varchar(50) NOT NULL
) ENGINE=InnoDB DEFAULT CHARSET=latin1;

--
-- Dumping data for table `zones`
--

INSERT INTO `zones` (`id`, `name`) VALUES
(1, 'Mechi'),
(2, 'Kosi'),
(3, 'Sagarmatha'),
(4, 'Janakpur'),
(5, 'Bagmati'),
(6, 'Narayani'),
(7, 'Gandaki'),
(8, 'Dhawalagiri'),
(9, 'Lumbini'),
(10, 'Rapti'),
(11, 'Bheri'),
(12, 'Karnali'),
(13, 'Seti'),
(14, 'Mahakali');

--
-- Indexes for dumped tables
--

--
-- Indexes for table `districts`
--
ALTER TABLE `districts`
  ADD PRIMARY KEY (`id`);

--
-- Indexes for table `vdc`
--
ALTER TABLE `vdc`
  ADD PRIMARY KEY (`id`);

--
-- Indexes for table `zones`
--
ALTER TABLE `zones`
  ADD PRIMARY KEY (`id`);

--
-- AUTO_INCREMENT for dumped tables
--

--
-- AUTO_INCREMENT for table `districts`
--
ALTER TABLE `districts`
  MODIFY `id` int(11) NOT NULL AUTO_INCREMENT, AUTO_INCREMENT=76;
--
-- AUTO_INCREMENT for table `vdc`
--
ALTER TABLE `vdc`
  MODIFY `id` int(11) NOT NULL AUTO_INCREMENT, AUTO_INCREMENT=4096;
--
-- AUTO_INCREMENT for table `zones`
--
ALTER TABLE `zones`
  MODIFY `id` int(11) NOT NULL AUTO_INCREMENT, AUTO_INCREMENT=16;COMMIT;

/*!40101 SET CHARACTER_SET_CLIENT=@OLD_CHARACTER_SET_CLIENT */;
/*!40101 SET CHARACTER_SET_RESULTS=@OLD_CHARACTER_SET_RESULTS */;
/*!40101 SET COLLATION_CONNECTION=@OLD_COLLATION_CONNECTION */;
